-- phpMyAdmin SQL Dump
-- version 4.8.5
-- https://www.phpmyadmin.net/
--
-- Host: localhost
-- Tempo de geração: 24/03/2020 às 22:07
-- Versão do servidor: 10.1.38-MariaDB
-- Versão do PHP: 7.3.3

SET SQL_MODE = "NO_AUTO_VALUE_ON_ZERO";
SET AUTOCOMMIT = 0;
START TRANSACTION;
SET time_zone = "+00:00";


/*!40101 SET @OLD_CHARACTER_SET_CLIENT=@@CHARACTER_SET_CLIENT */;
/*!40101 SET @OLD_CHARACTER_SET_RESULTS=@@CHARACTER_SET_RESULTS */;
/*!40101 SET @OLD_COLLATION_CONNECTION=@@COLLATION_CONNECTION */;
/*!40101 SET NAMES utf8mb4 */;

--
-- Banco de dados: `super364_sisconeve`
--

-- --------------------------------------------------------

--
-- Estrutura para tabela `agendas`
--

CREATE TABLE `agendas` (
  `id_agenda` int(11) NOT NULL,
  `dia` date NOT NULL,
  `hora_inicio` time NOT NULL,
  `hora_termino` time NOT NULL,
  `atividade_id` int(11) NOT NULL,
  `evento_id` int(11) NOT NULL
) ENGINE=InnoDB DEFAULT CHARSET=utf8 ROW_FORMAT=COMPACT;

--
-- Despejando dados para a tabela `agendas`
--

INSERT INTO `agendas` (`id_agenda`, `dia`, `hora_inicio`, `hora_termino`, `atividade_id`, `evento_id`) VALUES
(1, '2018-10-31', '13:00:00', '17:00:00', 1, 1),
(2, '2018-10-31', '13:00:00', '17:00:00', 2, 1),
(3, '2018-10-31', '13:00:00', '17:00:00', 3, 1),
(4, '2018-11-20', '08:00:00', '09:00:00', 4, 2),
(5, '2018-11-21', '08:00:00', '09:00:00', 4, 2),
(6, '2018-11-20', '13:00:00', '17:00:00', 5, 2),
(7, '2018-11-20', '13:00:00', '17:00:00', 6, 2),
(8, '2018-11-20', '13:00:00', '17:00:00', 7, 2),
(9, '2018-11-20', '13:00:00', '17:00:00', 8, 2),
(10, '2018-11-20', '13:00:00', '17:00:00', 9, 2),
(11, '2018-11-21', '13:00:00', '15:00:00', 10, 2),
(12, '2018-12-14', '10:30:00', '12:00:00', 11, 4),
(13, '2019-05-22', '13:00:00', '17:00:00', 12, 5),
(14, '2019-05-22', '19:00:00', '23:00:00', 13, 6),
(16, '2019-05-22', '19:00:00', '23:00:00', 15, 6),
(17, '2019-05-22', '19:00:00', '23:00:00', 16, 6),
(18, '2019-05-22', '19:00:00', '23:00:00', 17, 6),
(19, '2019-05-22', '19:00:00', '23:00:00', 18, 6),
(20, '2019-05-23', '13:00:00', '17:00:00', 19, 6),
(21, '2019-05-23', '13:00:00', '17:00:00', 20, 6),
(22, '2019-05-23', '13:00:00', '17:00:00', 21, 6),
(23, '2019-05-23', '13:00:00', '17:00:00', 22, 6),
(24, '2019-05-23', '13:00:00', '17:00:00', 23, 6),
(25, '2019-05-23', '13:00:00', '17:00:00', 24, 6),
(26, '2019-05-23', '07:00:00', '11:00:00', 25, 6),
(29, '2019-05-23', '07:00:00', '11:00:00', 28, 6),
(30, '2019-05-23', '07:00:00', '11:00:00', 29, 6),
(31, '2019-05-23', '07:00:00', '11:00:00', 30, 6),
(32, '2019-10-30', '13:00:00', '17:00:00', 31, 7),
(33, '2019-10-30', '13:00:00', '17:00:00', 32, 7),
(34, '2019-10-30', '13:00:00', '17:00:00', 33, 7),
(35, '2019-10-30', '13:00:00', '17:00:00', 34, 7),
(36, '2019-10-30', '13:00:00', '17:00:00', 35, 7),
(37, '2019-10-30', '13:00:00', '17:00:00', 36, 7),
(38, '2019-10-30', '13:00:00', '17:00:00', 37, 7),
(39, '2019-10-30', '13:00:00', '17:00:00', 38, 7);

-- --------------------------------------------------------

--
-- Estrutura para tabela `areas`
--

CREATE TABLE `areas` (
  `id_area` int(11) NOT NULL,
  `area` varchar(30) NOT NULL
) ENGINE=InnoDB DEFAULT CHARSET=utf8;

--
-- Despejando dados para a tabela `areas`
--

INSERT INTO `areas` (`id_area`, `area`) VALUES
(1, 'AGRONOMIA'),
(2, 'ALIMENTOS'),
(3, 'BIOLOGIA'),
(4, 'CAFEICULTURA'),
(5, 'INFORMÁTICA'),
(6, 'INTEGRADO'),
(7, 'ZOOTECNIA');

-- --------------------------------------------------------

--
-- Estrutura para tabela `atividades`
--

CREATE TABLE `atividades` (
  `id_atividade` int(11) NOT NULL,
  `atividade` varchar(120) NOT NULL,
  `descricao` text,
  `local` varchar(70) NOT NULL,
  `vagas` varchar(45) NOT NULL,
  `evento_id` int(11) NOT NULL
) ENGINE=InnoDB DEFAULT CHARSET=utf8;

--
-- Despejando dados para a tabela `atividades`
--

INSERT INTO `atividades` (`id_atividade`, `atividade`, `descricao`, `local`, `vagas`, `evento_id`) VALUES
(1, 'MINICURSO PHOTOSHOP', '&lt;B&gt;MINICURSO PHOTOSHOP&lt;/B&gt;', 'LABORATÓRIO 1 - DEPARTAMENTO DE COMPUTAÇÃO', '30', 1),
(2, 'MINICURSO ROBÓTICA COM LEGO MINDSTORMS', 'MINICURSO ROB&Oacute;TICA COM LEGO MINDSTORMS', 'LABORATÓRIO 2 - DEPARTAMENTO DE COMPUTAÇÃO', '16', 1),
(3, 'MINICURSO DESIGN DE INTERFACE E USABILIDADE NA PRÁTICA', 'DESIGN DE INTERFACE E USABILIDADE NA PR&Aacute;TICA', 'LABORATÓRIO 4 - DEPARTAMENTO DE COMPUTAÇÃO', '30', 1),
(4, 'PALESTRA INTELIGÊNCIA ARTIFICIAL', 'ATIVIDADE CRIADA PARA REALIZAR FUN&Ccedil;&Otilde;ES NO SISTEMA COM A FINALIDADE DE RESPONDER O QUESTION&Aacute;RIO AVALIA&Ccedil;&Atilde;O SISCONEVE.', 'CENTRO DE EXCELENCIA', '120', 2),
(5, 'MINICURSO ROBOTICA', 'ATIVIDADE CRIADA PARA REALIZAR FUN&Ccedil;&Otilde;ES NO SISTEMA COM A FINALIDADE DE RESPONDER O QUESTION&Aacute;RIO AVALIA&Ccedil;&Atilde;O SISCONEVE.', 'LABORATÓRIO I - SETOR INFORMÁTICA', '20', 2),
(6, 'MINICURSO PHP', 'ATIVIDADE CRIADA PARA REALIZAR FUN&Ccedil;&Otilde;ES NO SISTEMA COM A FINALIDADE DE RESPONDER O QUESTION&Aacute;RIO AVALIA&Ccedil;&Atilde;O SISCONEVE.', 'LABORATÓRIO II - SETOR INFORMÁTICA', '20', 2),
(7, 'MINICURSO REDES', 'ATIVIDADE CRIADA PARA REALIZAR FUN&Ccedil;&Otilde;ES NO SISTEMA COM A FINALIDADE DE RESPONDER O QUESTION&Aacute;RIO AVALIA&Ccedil;&Atilde;O SISCONEVE.', 'LABORATÓRIO III - SETOR INFORMÁTICA', '20', 2),
(8, 'MINICURSO PYTHON', 'ATIVIDADE CRIADA PARA REALIZAR FUN&Ccedil;&Otilde;ES NO SISTEMA COM A FINALIDADE DE RESPONDER O QUESTION&Aacute;RIO AVALIA&Ccedil;&Atilde;O SISCONEVE.', 'LABORATÓRIO VI - SETOR INFORMÁTICA', '20', 2),
(9, 'MINICURSO METODOLOGIAS ÁGEIS', 'ATIVIDADE CRIADA PARA REALIZAR FUN&Ccedil;&Otilde;ES NO SISTEMA COM A FINALIDADE DE RESPONDER O QUESTION&Aacute;RIO AVALIA&Ccedil;&Atilde;O SISCONEVE.', 'LABORATÓRIO V - SETOR INFORMÁTICA', '15', 2),
(10, 'PALESTRA USABILIDADE', 'ATIVIDADE CRIADA PARA REALIZAR FUN&Ccedil;&Otilde;ES NO SISTEMA COM A FINALIDADE DE RESPONDER O QUESTION&Aacute;RIO AVALIA&Ccedil;&Atilde;O SISCONEVE.', 'CENTRO DE EXCELENCIA', '120', 2),
(11, 'APRESENTAÇÃO TRABALHO CONCLUSÃO DE CURSO', 'OPCIONAL', 'LABORATÓRIO 01', '30', 4),
(12, 'TORNEIO DE PROGRAMAÇÃO', 'TORNEIO SER&Aacute; EM DUPLAS (15 DUPLAS), SENDO QUE OS DOIS INTEGRANTES DA DUPLA DEVEM SE CADASTRAR PARA RECEBER A CERTIFICA&Ccedil;&Atilde;O DE PARTICIPA&Ccedil;&Atilde;O.', 'LABORATÓRIO 2', '30', 5),
(13, 'ARDUINO COM JOGOS', '', 'LABORATÓRIO ROBÓTICA', '20', 6),
(15, 'MIKROTIK NETWORK ASSOCIATE', '', 'LABORATÓRIO 4', '30', 6),
(16, 'GOOGLE FORMS E CLASSROOM: POSSIBILIDADES PEDAGÓGICAS', '', 'LABORATÓRIO 3', '30', 6),
(17, 'ROBÓTICA COM LEGO MINDSTORMS', '', 'LABORATÓRIO 2', '16', 6),
(18, 'ADOBE ILUSTRATOR', '', 'LABORATÓRIO 1', '30', 6),
(19, 'DESENVOLVIMENTO DE UM CRUD COM PHP E MYSQL', '', 'LABORATÓRIO 1', '30', 6),
(20, 'LEGO MINDSTORMS CORE SET EV3', '', 'LABORATÓRIO 2', '16', 6),
(21, 'GIT E GITHUB: PRIMEIROS PASSOS', '', 'LABORATÓRIO 4', '30', 6),
(22, '&QUOT;COMO? 32% É IGUAL A 35%??? ENTENDENDO O ESTATISTICAMENTE EMPATADOS&QUOT;', '&lt;TABLE BORDER=&quot;0&quot; CELLPADDING=&quot;0&quot; CELLSPACING=&quot;0&quot; WIDTH=&quot;250&quot; STYLE=&quot;WIDTH: 188PT;&quot;&gt;&lt;TBODY&gt;&lt;TR HEIGHT=&quot;17&quot; STYLE=&quot;HEIGHT:12.75PT&quot;&gt;  &lt;TD HEIGHT=&quot;17&quot; CLASS=&quot;XL65&quot; WIDTH=&quot;250&quot; STYLE=&quot;HEIGHT:12.75PT;WIDTH:188PT&quot;&gt;K&Aacute;TIA  ALVES&lt;/TD&gt;&lt;/TR&gt;&lt;/TBODY&gt;&lt;/TABLE&gt;', 'LABORATÓRIO 5', '35', 6),
(23, 'AUTOMAÇÃO COM ARDUINO', '', 'LABORATÓRIO ROBÓTICA', '20', 6),
(24, 'MANUTENÇÃO DE COMPUTADORES NA PRÁTICA', '&lt;H4 CLASS=&quot;FONT-WEIGHT-BOLD&quot; STYLE=&quot;FONT-FAMILY: MONTSERRAT-REGULAR; LINE-HEIGHT: 1.1; COLOR: RGB(90, 90, 90); MARGIN-TOP: 10PX; MARGIN-BOTTOM: 0PX; FONT-SIZE: 18PX; TEXT-ALIGN: CENTER;&quot;&gt;YURI RABELLO&lt;/H4&gt;', 'ESPAÇO MAKER', '15', 6),
(25, 'IMPRESSÃO 3D', 'DIEGO RUSSO', 'LAB ROBÓTICA', '15', 6),
(28, 'ADOBE XD', '&lt;TABLE BORDER=&quot;0&quot; CELLPADDING=&quot;0&quot; CELLSPACING=&quot;0&quot; WIDTH=&quot;250&quot; STYLE=&quot;WIDTH: 188PT;&quot;&gt;&lt;TBODY&gt;&lt;TR HEIGHT=&quot;17&quot; STYLE=&quot;HEIGHT:12.75PT&quot;&gt;  &lt;TD HEIGHT=&quot;17&quot; CLASS=&quot;XL65&quot; WIDTH=&quot;250&quot; STYLE=&quot;HEIGHT:12.75PT;WIDTH:188PT&quot;&gt;JO&Atilde;O  VITOR&lt;/TD&gt;&lt;/TR&gt;&lt;/TBODY&gt;&lt;/TABLE&gt;', 'LABORATÓRIO 4', '30', 6),
(29, 'PHOTOSHOP NA PRÁTICA', '&lt;TABLE BORDER=&quot;0&quot; CELLPADDING=&quot;0&quot; CELLSPACING=&quot;0&quot; WIDTH=&quot;250&quot; STYLE=&quot;WIDTH: 188PT;&quot;&gt;&lt;TBODY&gt;&lt;TR HEIGHT=&quot;17&quot; STYLE=&quot;HEIGHT:12.75PT&quot;&gt;  &lt;TD HEIGHT=&quot;17&quot; CLASS=&quot;XL65&quot; WIDTH=&quot;250&quot; STYLE=&quot;HEIGHT:12.75PT;WIDTH:188PT&quot; ID=&quot;AGENDA&quot;&gt;JULIO GURGEL&lt;/TD&gt;&lt;/TR&gt;&lt;/TBODY&gt;&lt;/TABLE&gt;', 'LABORATÓRIO 1', '30', 6),
(30, 'INTRODUÇÃO A APRENDIZAGEM DE MÁQUINA COM PYTHON', '&lt;TABLE BORDER=&quot;0&quot; CELLPADDING=&quot;0&quot; CELLSPACING=&quot;0&quot; WIDTH=&quot;250&quot; STYLE=&quot;WIDTH: 188PT;&quot;&gt;&lt;TBODY&gt;&lt;TR HEIGHT=&quot;17&quot; STYLE=&quot;HEIGHT:12.75PT&quot;&gt;  &lt;TD HEIGHT=&quot;17&quot; CLASS=&quot;XL65&quot; WIDTH=&quot;250&quot; STYLE=&quot;HEIGHT:12.75PT;WIDTH:188PT&quot; ID=&quot;AGENDA&quot;&gt;GABRIEL AVELAR&lt;/TD&gt;&lt;/TR&gt;&lt;/TBODY&gt;&lt;/TABLE&gt;', 'LABORATÓRIO 5', '30', 6),
(31, 'ROBÓTICA COM LEGO CORE SET EV3', '', 'LABORATÓRIO 2 - SETOR INFORMÁTICA', '16', 7),
(32, 'AUTOMAÇÃO COM ARDUINO', '', 'LABORATÓRIO ROBÓTICA - SETOR INFORMÁTICA', '20', 7),
(33, 'DESENVOLVIMENTO DE JOGOS PARA CELULARES COM APPINVENTOR2', '', 'LABORATÓRIO 4 - SETOR INFORMÁTICA', '25', 7),
(34, 'GIT E GITHUB', '', 'LABORATÓRIO 3 - SETOR INFORMÁTICA', '25', 7),
(35, 'MODELAGEM E IMPRESSÃO 3D', '', 'ESPAÇO MAKER - SETOR INFORMÁTICA', '16', 7),
(36, 'MONTAGEM, MANUTENÇÃO E FORMATAÇÃO DE COMPUTADORES', '', 'LABORATÓRIO 5 - SETOR INFORMÁTICA', '25', 7),
(37, 'CRIANDO SITES COM WORDPRESS', '', 'LABORATÓRIO 1 - SETOR INFORMÁTICA', '25', 7),
(38, 'A DIFÍCIL MISSÃO DE SER MULHER NA CARREIRA DE TI - MESA REDONDA MENINAS DIGITAIS', 'EVENTO VOLTADO PARA MULHERES.', 'SALA 201 - SETOR INFORMÁTICA', '20', 7);

-- --------------------------------------------------------

--
-- Estrutura para tabela `categorias`
--

CREATE TABLE `categorias` (
  `id_categoria` int(11) NOT NULL,
  `categoria` varchar(45) NOT NULL
) ENGINE=InnoDB DEFAULT CHARSET=utf8 ROW_FORMAT=COMPACT;

--
-- Despejando dados para a tabela `categorias`
--

INSERT INTO `categorias` (`id_categoria`, `categoria`) VALUES
(1, 'TÉCNICO'),
(2, 'SUPERIOR'),
(3, 'SERVIDOR'),
(4, 'CONVIDADO');

-- --------------------------------------------------------

--
-- Estrutura para tabela `chamadas`
--

CREATE TABLE `chamadas` (
  `id_chamada` int(11) NOT NULL,
  `inscricao_id` int(11) NOT NULL,
  `agenda_id` int(11) NOT NULL,
  `presenca` tinyint(1) NOT NULL
) ENGINE=InnoDB DEFAULT CHARSET=utf8 COLLATE=utf8_unicode_ci;

--
-- Despejando dados para a tabela `chamadas`
--

INSERT INTO `chamadas` (`id_chamada`, `inscricao_id`, `agenda_id`, `presenca`) VALUES
(1, 2, 3, 1),
(2, 3, 2, 0),
(3, 4, 2, 0),
(4, 5, 3, 0),
(5, 6, 3, 0),
(6, 7, 3, 0),
(7, 8, 3, 0),
(8, 10, 2, 0),
(9, 11, 3, 0),
(10, 12, 1, 1),
(11, 13, 1, 1),
(12, 14, 3, 0),
(13, 15, 2, 0),
(14, 16, 1, 1),
(15, 17, 3, 0),
(16, 18, 2, 0),
(17, 19, 2, 0),
(18, 20, 2, 1),
(19, 21, 3, 0),
(20, 22, 3, 0),
(21, 23, 3, 0),
(22, 25, 1, 0),
(23, 26, 3, 0),
(24, 27, 3, 0),
(25, 28, 3, 0),
(26, 29, 3, 0),
(27, 30, 2, 1),
(28, 31, 3, 0),
(29, 33, 3, 0),
(30, 34, 2, 1),
(31, 35, 1, 1),
(32, 36, 1, 0),
(33, 43, 1, 1),
(34, 45, 1, 1),
(35, 47, 3, 0),
(36, 48, 1, 1),
(37, 49, 1, 1),
(38, 51, 2, 0),
(39, 57, 1, 1),
(40, 59, 1, 1),
(41, 60, 2, 0),
(42, 61, 1, 1),
(43, 62, 1, 1),
(44, 63, 2, 1),
(52, 71, 10, 0),
(54, 73, 12, 0),
(55, 74, 13, 0),
(56, 75, 13, 1),
(57, 76, 13, 1),
(58, 77, 13, 0),
(59, 78, 13, 0),
(60, 79, 13, 1),
(61, 80, 13, 1),
(62, 81, 13, 1),
(63, 82, 19, 1),
(64, 83, 19, 1),
(65, 84, 22, 1),
(66, 85, 19, 1),
(68, 87, 26, 1),
(69, 88, 21, 1),
(70, 89, 19, 1),
(71, 90, 26, 1),
(72, 91, 25, 1),
(73, 92, 19, 0),
(74, 93, 14, 1),
(75, 94, 30, 1),
(76, 95, 19, 1),
(77, 96, 24, 1),
(78, 97, 26, 0),
(79, 98, 30, 1),
(80, 99, 21, 0),
(81, 100, 30, 1),
(82, 101, 25, 0),
(83, 102, 30, 1),
(84, 103, 19, 1),
(86, 105, 19, 1),
(87, 106, 16, 0),
(88, 107, 29, 0),
(90, 109, 29, 0),
(91, 110, 29, 0),
(92, 111, 29, 1),
(93, 112, 16, 1),
(94, 113, 14, 1),
(95, 114, 24, 1),
(96, 115, 24, 1),
(97, 116, 25, 1),
(98, 117, 26, 1),
(99, 118, 30, 1),
(100, 119, 14, 1),
(101, 120, 25, 0),
(102, 121, 24, 0),
(105, 124, 25, 1),
(106, 125, 29, 0),
(107, 126, 30, 1),
(108, 127, 25, 0),
(109, 128, 30, 1),
(110, 129, 25, 1),
(111, 130, 23, 0),
(113, 132, 23, 1),
(114, 133, 23, 0),
(115, 134, 19, 1),
(117, 136, 29, 1),
(118, 137, 26, 0),
(119, 138, 21, 0),
(120, 139, 19, 0),
(121, 140, 25, 0),
(122, 141, 29, 1),
(123, 142, 19, 1),
(124, 143, 30, 1),
(125, 144, 26, 1),
(130, 149, 25, 1),
(131, 150, 30, 1),
(132, 151, 22, 1),
(133, 152, 26, 1),
(134, 153, 26, 1),
(135, 154, 21, 1),
(136, 155, 25, 1),
(138, 157, 19, 1),
(139, 158, 26, 1),
(141, 160, 24, 0),
(142, 161, 23, 0),
(143, 162, 29, 1),
(144, 163, 19, 0),
(145, 164, 24, 0),
(148, 167, 26, 1),
(149, 168, 26, 0),
(150, 169, 24, 0),
(151, 170, 26, 1),
(152, 171, 16, 1),
(154, 173, 26, 1),
(156, 175, 29, 1),
(157, 176, 21, 0),
(158, 177, 18, 1),
(159, 178, 30, 1),
(160, 179, 30, 1),
(161, 180, 22, 0),
(162, 181, 29, 0),
(164, 183, 31, 0),
(166, 185, 29, 0),
(167, 186, 14, 1),
(168, 187, 25, 1),
(169, 188, 30, 1),
(170, 189, 18, 1),
(171, 190, 26, 1),
(172, 191, 19, 1),
(173, 192, 29, 1),
(174, 193, 13, 0),
(176, 195, 29, 1),
(177, 196, 29, 1),
(178, 197, 19, 1),
(179, 198, 19, 1),
(181, 200, 20, 1),
(182, 201, 22, 0),
(183, 202, 24, 1),
(184, 203, 29, 1),
(185, 204, 22, 0),
(186, 205, 22, 0),
(188, 207, 21, 1),
(189, 208, 21, 1),
(190, 209, 29, 0),
(191, 210, 18, 1),
(192, 211, 18, 1),
(195, 214, 24, 1),
(196, 215, 23, 1),
(197, 216, 30, 1),
(198, 217, 18, 1),
(199, 218, 18, 1),
(200, 219, 16, 0),
(201, 220, 23, 0),
(203, 222, 24, 0),
(204, 223, 14, 1),
(205, 224, 30, 0),
(206, 225, 30, 1),
(208, 227, 30, 1),
(209, 228, 30, 1),
(213, 232, 21, 1),
(215, 234, 30, 1),
(216, 235, 24, 1),
(218, 237, 21, 0),
(220, 239, 24, 1),
(221, 240, 31, 0),
(223, 242, 14, 1),
(224, 243, 24, 1),
(225, 244, 30, 1),
(226, 245, 29, 1),
(227, 246, 18, 0),
(230, 249, 30, 0),
(232, 251, 30, 1),
(236, 255, 24, 1),
(238, 257, 31, 0),
(239, 258, 26, 1),
(243, 262, 23, 1),
(244, 263, 19, 1),
(245, 264, 21, 0),
(246, 265, 30, 1),
(247, 266, 14, 0),
(249, 268, 24, 1),
(250, 269, 30, 1),
(251, 270, 24, 0),
(252, 271, 23, 1),
(254, 273, 24, 1),
(258, 277, 19, 1),
(259, 278, 24, 1),
(260, 279, 29, 0),
(261, 280, 13, 1),
(262, 281, 19, 0),
(264, 283, 14, 0),
(265, 284, 14, 1),
(266, 285, 30, 1),
(268, 287, 30, 1),
(270, 289, 19, 1),
(271, 290, 19, 1),
(273, 292, 19, 1),
(274, 293, 13, 1),
(275, 294, 23, 0),
(276, 295, 30, 1),
(277, 296, 22, 1),
(278, 297, 31, 1),
(279, 298, 19, 0),
(280, 299, 19, 1),
(281, 300, 19, 0),
(282, 301, 14, 0),
(283, 302, 22, 1),
(284, 303, 24, 1),
(285, 304, 21, 0),
(286, 305, 18, 1),
(287, 306, 20, 0),
(288, 307, 21, 1),
(289, 308, 23, 1),
(291, 310, 31, 1),
(292, 311, 31, 1),
(293, 312, 22, 0),
(294, 313, 29, 0),
(296, 315, 29, 1),
(297, 316, 29, 1),
(298, 317, 21, 0),
(299, 318, 29, 1),
(300, 319, 29, 0),
(303, 322, 22, 0),
(305, 324, 20, 0),
(306, 325, 18, 1),
(307, 326, 14, 0),
(308, 327, 29, 1),
(309, 328, 18, 1),
(310, 329, 18, 1),
(311, 330, 29, 1),
(312, 331, 29, 1),
(313, 332, 22, 1),
(314, 333, 21, 1),
(315, 334, 23, 1),
(316, 335, 29, 1),
(318, 337, 29, 1),
(320, 339, 31, 1),
(321, 340, 31, 1),
(323, 342, 25, 1),
(324, 343, 20, 1),
(326, 345, 31, 1),
(327, 346, 18, 1),
(329, 348, 31, 0),
(332, 351, 18, 1),
(333, 352, 31, 0),
(334, 353, 23, 0),
(335, 354, 31, 1),
(336, 355, 29, 0),
(337, 356, 18, 0),
(338, 357, 14, 1),
(339, 358, 19, 1),
(341, 360, 14, 1),
(342, 361, 19, 1),
(343, 362, 19, 1),
(344, 363, 31, 0),
(345, 364, 20, 1),
(346, 365, 22, 1),
(347, 366, 14, 1),
(348, 367, 23, 1),
(351, 370, 31, 1),
(353, 372, 17, 1),
(354, 373, 17, 1),
(356, 375, 23, 0),
(357, 376, 18, 1),
(358, 377, 22, 1),
(359, 378, 31, 0),
(360, 379, 14, 1),
(363, 382, 23, 0),
(364, 383, 16, 0),
(365, 384, 31, 1),
(366, 385, 14, 1),
(369, 388, 31, 1),
(370, 389, 31, 1),
(372, 391, 23, 0),
(373, 392, 17, 0),
(374, 393, 31, 0),
(375, 394, 31, 1),
(377, 396, 31, 1),
(378, 397, 31, 1),
(379, 398, 14, 1),
(381, 400, 22, 0),
(382, 401, 31, 1),
(383, 402, 16, 1),
(384, 403, 31, 1),
(386, 405, 31, 0),
(387, 406, 17, 0),
(388, 407, 23, 1),
(389, 408, 16, 1),
(390, 409, 31, 0),
(391, 410, 23, 1),
(392, 411, 23, 0),
(393, 412, 16, 0),
(394, 413, 23, 1),
(395, 414, 23, 1),
(396, 415, 23, 1),
(397, 416, 16, 1),
(398, 417, 20, 1),
(399, 418, 20, 1),
(400, 419, 20, 1),
(401, 420, 23, 0),
(403, 422, 23, 1),
(405, 424, 17, 0),
(408, 427, 16, 1),
(410, 429, 16, 1),
(412, 431, 16, 1),
(413, 432, 17, 0),
(415, 434, 23, 0),
(416, 435, 23, 1),
(417, 436, 16, 1),
(418, 437, 16, 1),
(420, 439, 16, 0),
(421, 440, 20, 0),
(422, 441, 23, 0),
(423, 442, 17, 1),
(424, 443, 17, 1),
(425, 444, 16, 1),
(426, 445, 22, 0),
(427, 446, 20, 0),
(428, 447, 16, 0),
(431, 450, 22, 1),
(434, 453, 17, 0),
(435, 454, 23, 0),
(438, 457, 16, 1),
(440, 459, 22, 0),
(441, 460, 17, 1),
(442, 461, 17, 0),
(443, 462, 22, 0),
(444, 463, 17, 0),
(445, 464, 23, 1),
(446, 465, 17, 1),
(447, 466, 30, 1),
(451, 470, 23, 0),
(452, 471, 19, 0),
(453, 472, 17, 1),
(454, 473, 20, 1),
(455, 474, 17, 0),
(456, 475, 23, 1),
(457, 476, 17, 0),
(458, 477, 17, 0),
(459, 478, 17, 1),
(460, 479, 17, 1),
(461, 480, 17, 1),
(462, 481, 17, 1),
(463, 482, 23, 1),
(465, 484, 22, 0),
(466, 485, 16, 0),
(468, 487, 17, 1),
(471, 490, 17, 1),
(472, 491, 17, 0),
(473, 492, 23, 1),
(475, 494, 29, 1),
(476, 495, 21, 1),
(479, 498, 16, 0),
(480, 499, 16, 0),
(481, 500, 17, 1),
(482, 501, 14, 1),
(483, 502, 14, 0),
(484, 503, 23, 0),
(485, 504, 13, 1),
(486, 505, 17, 1),
(487, 506, 17, 1),
(488, 507, 16, 1),
(489, 508, 16, 0),
(492, 511, 18, 1),
(493, 512, 30, 1),
(494, 513, 31, 0),
(495, 514, 25, 0),
(496, 515, 30, 1),
(497, 516, 22, 0),
(498, 517, 30, 1),
(499, 518, 21, 0),
(500, 519, 23, 1),
(501, 520, 34, 0),
(502, 521, 36, 0),
(503, 522, 34, 0),
(504, 523, 36, 1),
(505, 524, 37, 0),
(506, 525, 39, 0),
(507, 526, 37, 1),
(508, 527, 37, 1),
(509, 528, 37, 1),
(512, 531, 34, 0),
(513, 532, 37, 1),
(514, 533, 37, 1),
(515, 534, 37, 1),
(516, 535, 34, 0),
(517, 536, 37, 0),
(519, 538, 37, 0),
(520, 539, 37, 0),
(522, 541, 35, 0),
(523, 542, 37, 0),
(524, 543, 37, 1),
(527, 546, 37, 1),
(528, 547, 37, 0),
(530, 549, 37, 1),
(532, 551, 37, 1),
(533, 552, 37, 1),
(535, 554, 37, 1),
(537, 556, 37, 1),
(538, 557, 37, 1),
(539, 558, 37, 1),
(540, 559, 37, 1),
(541, 560, 36, 0),
(542, 561, 37, 1),
(543, 562, 37, 1),
(544, 563, 37, 1),
(545, 564, 34, 0),
(546, 565, 34, 0),
(547, 566, 34, 0),
(548, 567, 36, 0),
(549, 568, 36, 1),
(550, 569, 36, 1),
(552, 571, 38, 0),
(553, 572, 39, 0),
(554, 573, 39, 0),
(555, 574, 36, 1),
(556, 575, 34, 0),
(557, 576, 39, 0),
(559, 578, 33, 0),
(560, 579, 38, 0),
(561, 580, 38, 0),
(562, 581, 33, 1),
(563, 582, 34, 0),
(565, 584, 36, 1),
(566, 585, 36, 1),
(567, 586, 36, 1),
(568, 587, 36, 0),
(569, 588, 38, 0),
(570, 589, 39, 0),
(572, 591, 36, 0),
(573, 592, 38, 0),
(574, 593, 36, 0),
(575, 594, 36, 0),
(577, 596, 38, 0),
(578, 597, 38, 0),
(579, 598, 36, 0),
(582, 601, 39, 0),
(584, 603, 38, 0),
(585, 604, 34, 0),
(586, 605, 34, 0),
(588, 607, 36, 0),
(589, 608, 32, 0),
(591, 610, 32, 0),
(593, 612, 39, 0),
(594, 613, 38, 0),
(595, 614, 39, 0),
(596, 615, 39, 0),
(597, 616, 32, 0),
(598, 617, 35, 0),
(599, 618, 38, 0);

-- --------------------------------------------------------

--
-- Estrutura para tabela `eventos`
--

CREATE TABLE `eventos` (
  `id_evento` int(11) NOT NULL,
  `evento` varchar(120) NOT NULL,
  `descricao` text,
  `data_inicio` date NOT NULL,
  `data_termino` date NOT NULL,
  `publicar` tinyint(1) NOT NULL DEFAULT '0',
  `area_id` int(11) NOT NULL
) ENGINE=InnoDB DEFAULT CHARSET=utf8;

--
-- Despejando dados para a tabela `eventos`
--

INSERT INTO `eventos` (`id_evento`, `evento`, `descricao`, `data_inicio`, `data_termino`, `publicar`, `area_id`) VALUES
(1, 'III DIA DA COMPUTAÇÃO', '&lt;H1 STYLE=&quot;TEXT-ALIGN: CENTER;&quot;&gt;&lt;B STYLE=&quot;TEXT-ALIGN: CENTER;&quot;&gt;III DIA DA COMPUTA&Ccedil;&Atilde;O&lt;/B&gt;&lt;/H1&gt;', '2018-10-30', '2018-11-01', 1, 5),
(2, 'TESTE DO QUESTIONÁRIO', 'EVENTO CRIADO PARA REALIZAR FUN&Ccedil;&Otilde;ES NO SISTEMA COM A FINALIDADE DE RESPONDER O QUESTION&Aacute;RIO&amp;NBSP;AVALIA&Ccedil;&Atilde;O SISCONEVE.', '2018-11-20', '2018-11-21', 1, 5),
(4, 'SEMANA APRESENTAÇÃO DE TCCS', 'OPCIONAL', '2018-12-13', '2018-12-17', 1, 5),
(5, 'TORNEIO DE PROGRAMAÇÃO', '&lt;P&gt;UMA COMPETI&Ccedil;&Atilde;O EM EQUIPES DE 2 PESSOAS QUE TENTAR&Atilde;O RESOLVER EM 4 HORAS O MAIOR N&Uacute;MERO DE PROBLEMAS QUE CONSEGUIR UTILIZANDO APENAS 1 COMPUTADOR, A CADA PROBLEMA RESOLVIDO A EQUIPE GANHA UM BAL&Atilde;O REFERENTE AO PROBLEMA QUE ACABOU DE ACERTAR. O QUE ACHOU? DESAFIADOR N&Eacute;? ENT&Atilde;O VAMOS VER MAIS ALGUNS DETALHES:&lt;/P&gt;&lt;P&gt;&lt;UL&gt;&lt;LI&gt;GANHA A EQUIPE QUE RESOLVER MAIS PROBLEMAS.&lt;/LI&gt;&lt;LI&gt;EM CASO DE EMPATE, GANHA QUEM FEZ EM MENOR TEMPO.&lt;/LI&gt;&lt;LI&gt;A CORRE&Ccedil;&Atilde;O &Eacute; FEITA EM TEMPO REAL. CASO SUA RESPOSTA SEJA JULGADA ERRADA A EQUIPE &Eacute; IMEDIATAMENTE AVISADA E TEM A OPORTUNIDADE DE REMANDAR O PROBLEMA, CASO ESTEJA CERTO, A EQUIPE RECEBE UM BAL&Atilde;O REFERENTE AO PROBLEMA QUE ACABOU DE ACERTAR.&lt;/LI&gt;&lt;/UL&gt;&lt;/P&gt;', '2019-05-22', '2019-05-22', 1, 5),
(6, 'VI JORNADA DA COMPUTAÇÃO E EDUCAÇÃO', '&lt;P&gt;&lt;SPAN STYLE=&quot;COLOR: RGB(70, 70, 70); FONT-FAMILY: MONTSERRAT-REGULAR; FONT-SIZE: 15PX; TEXT-ALIGN: CENTER;&quot;&gt;O PRINCIPAL OBJETIVO &Eacute; COMPLEMENTAR A FORMA&Ccedil;&Atilde;O DOS PARTICIPANTES, POSSIBILITANDO A AQUISI&Ccedil;&Atilde;O DE NOVOS CONHECIMENTOS NAS &Aacute;REAS DA COMPUTA&Ccedil;&Atilde;O E MERCADO DE TRABALHO.&lt;/SPAN&gt;&lt;SPAN STYLE=&quot;COLOR: RGB(70, 70, 70); FONT-FAMILY: MONTSERRAT-REGULAR; FONT-SIZE: 15PX; TEXT-ALIGN: CENTER;&quot;&gt;&lt;BR&gt;&lt;/SPAN&gt;&lt;/P&gt;&lt;SPAN STYLE=&quot;COLOR: RGB(70, 70, 70); FONT-FAMILY: MONTSERRAT-REGULAR; FONT-SIZE: 15PX; TEXT-ALIGN: CENTER;&quot;&gt;CONTAREMOS COM A PRESEN&Ccedil;A DE DIVERSOS PROFISSIONAIS DO MERCADO E TAMB&Eacute;M DO SETOR ACAD&Ecirc;MICO. AS ATIVIDADES TAMB&Eacute;M SER&Atilde;O ABERTAS &Agrave; COMUNIDADE EXTERNA.&lt;/SPAN&gt;&lt;P&gt;&lt;SPAN STYLE=&quot;COLOR: RGB(70, 70, 70); FONT-FAMILY: MONTSERRAT-REGULAR; FONT-SIZE: 15PX; TEXT-ALIGN: CENTER;&quot;&gt;&lt;BR&gt;&lt;/SPAN&gt;&lt;/P&gt;', '2019-05-21', '2019-05-23', 1, 5),
(7, 'IV DIA DA COMPUTAÇÃO', 'D&Uacute;VIDAS QUANTO AO ACESSO NO SISTEMA IF EVENTOS ENTRA EM CONTATO COM J&Eacute;SSICA VEN&Acirc;NCIO PELO EMAIL JLIMAVENANCIO@OUTLOOK.COM OU (35) 99747-3184', '2019-10-30', '2019-10-30', 1, 5);

-- --------------------------------------------------------

--
-- Estrutura para tabela `inscricoes`
--

CREATE TABLE `inscricoes` (
  `id_inscricao` int(11) NOT NULL,
  `participante_id` int(11) NOT NULL,
  `atividade_id` int(11) NOT NULL,
  `evento_id` int(11) NOT NULL
) ENGINE=InnoDB DEFAULT CHARSET=utf8;

--
-- Despejando dados para a tabela `inscricoes`
--

INSERT INTO `inscricoes` (`id_inscricao`, `participante_id`, `atividade_id`, `evento_id`) VALUES
(2, 5, 3, 1),
(3, 7, 2, 1),
(4, 8, 2, 1),
(5, 9, 3, 1),
(6, 6, 3, 1),
(7, 11, 3, 1),
(8, 12, 3, 1),
(10, 14, 2, 1),
(11, 15, 3, 1),
(12, 16, 1, 1),
(13, 10, 1, 1),
(14, 17, 3, 1),
(15, 18, 2, 1),
(16, 19, 1, 1),
(17, 20, 3, 1),
(18, 13, 2, 1),
(19, 21, 2, 1),
(20, 22, 2, 1),
(21, 23, 3, 1),
(22, 25, 3, 1),
(23, 26, 3, 1),
(25, 27, 1, 1),
(26, 30, 3, 1),
(27, 29, 3, 1),
(28, 31, 3, 1),
(29, 32, 3, 1),
(30, 34, 2, 1),
(31, 40, 3, 1),
(33, 24, 3, 1),
(34, 38, 2, 1),
(35, 42, 1, 1),
(36, 33, 1, 1),
(43, 44, 1, 1),
(45, 41, 1, 1),
(47, 47, 3, 1),
(48, 48, 1, 1),
(49, 49, 1, 1),
(51, 50, 2, 1),
(57, 51, 1, 1),
(59, 52, 1, 1),
(60, 53, 2, 1),
(61, 43, 1, 1),
(62, 55, 1, 1),
(63, 37, 2, 1),
(71, 10, 9, 2),
(73, 58, 11, 4),
(74, 61, 12, 5),
(75, 10, 12, 5),
(76, 19, 12, 5),
(77, 62, 12, 5),
(78, 63, 12, 5),
(79, 66, 12, 5),
(80, 55, 12, 5),
(81, 70, 12, 5),
(82, 69, 18, 6),
(83, 6, 18, 6),
(84, 6, 21, 6),
(85, 71, 18, 6),
(87, 70, 25, 6),
(88, 70, 20, 6),
(89, 72, 18, 6),
(90, 21, 25, 6),
(91, 21, 24, 6),
(92, 3, 18, 6),
(93, 78, 13, 6),
(94, 77, 29, 6),
(95, 74, 18, 6),
(96, 78, 23, 6),
(97, 76, 25, 6),
(98, 80, 29, 6),
(99, 76, 20, 6),
(100, 78, 29, 6),
(101, 77, 24, 6),
(102, 81, 29, 6),
(103, 80, 18, 6),
(105, 81, 18, 6),
(106, 76, 15, 6),
(107, 72, 28, 6),
(109, 69, 28, 6),
(110, 74, 28, 6),
(111, 73, 28, 6),
(112, 75, 15, 6),
(113, 83, 13, 6),
(114, 80, 23, 6),
(115, 81, 23, 6),
(116, 82, 24, 6),
(117, 85, 25, 6),
(118, 79, 29, 6),
(119, 86, 13, 6),
(120, 79, 24, 6),
(121, 86, 23, 6),
(124, 85, 24, 6),
(125, 87, 28, 6),
(126, 86, 29, 6),
(127, 87, 24, 6),
(128, 89, 29, 6),
(129, 91, 24, 6),
(130, 69, 22, 6),
(132, 72, 22, 6),
(133, 74, 22, 6),
(134, 77, 18, 6),
(136, 54, 28, 6),
(137, 71, 25, 6),
(138, 71, 20, 6),
(139, 54, 18, 6),
(140, 92, 24, 6),
(141, 20, 28, 6),
(142, 8, 18, 6),
(143, 92, 29, 6),
(144, 8, 25, 6),
(149, 20, 24, 6),
(150, 66, 29, 6),
(151, 48, 21, 6),
(152, 48, 25, 6),
(153, 88, 25, 6),
(154, 54, 20, 6),
(155, 7, 24, 6),
(157, 37, 18, 6),
(158, 37, 25, 6),
(160, 66, 23, 6),
(161, 89, 22, 6),
(162, 95, 28, 6),
(163, 96, 18, 6),
(164, 97, 23, 6),
(167, 93, 25, 6),
(168, 97, 25, 6),
(169, 98, 23, 6),
(170, 99, 25, 6),
(171, 98, 15, 6),
(173, 55, 25, 6),
(175, 7, 28, 6),
(176, 99, 20, 6),
(177, 95, 17, 6),
(178, 90, 29, 6),
(179, 94, 29, 6),
(180, 101, 21, 6),
(181, 103, 28, 6),
(183, 101, 30, 6),
(185, 26, 28, 6),
(186, 104, 13, 6),
(187, 84, 24, 6),
(188, 105, 29, 6),
(189, 26, 17, 6),
(190, 84, 25, 6),
(191, 70, 18, 6),
(192, 106, 28, 6),
(193, 109, 12, 5),
(195, 108, 28, 6),
(196, 30, 28, 6),
(197, 107, 18, 6),
(198, 61, 18, 6),
(200, 34, 19, 6),
(201, 106, 21, 6),
(202, 30, 23, 6),
(203, 116, 28, 6),
(204, 108, 21, 6),
(205, 116, 21, 6),
(207, 115, 20, 6),
(208, 112, 20, 6),
(209, 107, 28, 6),
(210, 115, 17, 6),
(211, 112, 17, 6),
(214, 118, 23, 6),
(215, 102, 22, 6),
(216, 118, 29, 6),
(217, 111, 17, 6),
(218, 120, 17, 6),
(219, 42, 15, 6),
(220, 16, 22, 6),
(222, 121, 23, 6),
(223, 123, 13, 6),
(224, 125, 29, 6),
(225, 110, 29, 6),
(227, 128, 29, 6),
(228, 16, 29, 6),
(232, 123, 20, 6),
(234, 123, 29, 6),
(235, 127, 23, 6),
(237, 117, 20, 6),
(239, 55, 23, 6),
(240, 121, 30, 6),
(242, 135, 13, 6),
(243, 135, 23, 6),
(244, 113, 29, 6),
(245, 117, 28, 6),
(246, 121, 17, 6),
(249, 129, 29, 6),
(251, 132, 29, 6),
(255, 129, 23, 6),
(257, 122, 30, 6),
(258, 102, 25, 6),
(262, 131, 22, 6),
(263, 141, 18, 6),
(264, 109, 20, 6),
(265, 109, 29, 6),
(266, 140, 13, 6),
(268, 140, 23, 6),
(269, 138, 29, 6),
(270, 139, 23, 6),
(271, 133, 22, 6),
(273, 119, 23, 6),
(277, 144, 18, 6),
(278, 142, 23, 6),
(279, 41, 28, 6),
(280, 140, 12, 5),
(281, 62, 18, 6),
(283, 145, 13, 6),
(284, 130, 13, 6),
(285, 145, 29, 6),
(287, 147, 29, 6),
(289, 41, 18, 6),
(290, 34, 18, 6),
(292, 47, 18, 6),
(293, 154, 12, 5),
(294, 47, 22, 6),
(295, 155, 29, 6),
(296, 151, 21, 6),
(297, 154, 30, 6),
(298, 152, 18, 6),
(299, 156, 18, 6),
(300, 159, 18, 6),
(301, 158, 13, 6),
(302, 130, 21, 6),
(303, 158, 23, 6),
(304, 157, 20, 6),
(305, 157, 17, 6),
(306, 154, 19, 6),
(307, 161, 20, 6),
(308, 162, 22, 6),
(310, 163, 30, 6),
(311, 162, 30, 6),
(312, 164, 21, 6),
(313, 164, 28, 6),
(315, 165, 28, 6),
(316, 167, 28, 6),
(317, 165, 20, 6),
(318, 44, 28, 6),
(319, 32, 28, 6),
(322, 169, 21, 6),
(324, 18, 19, 6),
(325, 153, 17, 6),
(326, 169, 13, 6),
(327, 151, 28, 6),
(328, 94, 17, 6),
(329, 90, 17, 6),
(330, 150, 28, 6),
(331, 29, 28, 6),
(332, 29, 21, 6),
(333, 73, 20, 6),
(334, 17, 22, 6),
(335, 17, 28, 6),
(337, 172, 28, 6),
(339, 175, 30, 6),
(340, 174, 30, 6),
(342, 175, 24, 6),
(343, 33, 19, 6),
(345, 25, 30, 6),
(346, 33, 17, 6),
(348, 176, 30, 6),
(351, 126, 17, 6),
(352, 38, 30, 6),
(353, 38, 22, 6),
(354, 33, 30, 6),
(355, 177, 28, 6),
(356, 178, 17, 6),
(357, 180, 13, 6),
(358, 179, 18, 6),
(360, 181, 13, 6),
(361, 182, 18, 6),
(362, 184, 18, 6),
(363, 179, 30, 6),
(364, 182, 19, 6),
(365, 184, 21, 6),
(366, 160, 13, 6),
(367, 124, 22, 6),
(370, 124, 30, 6),
(372, 185, 16, 6),
(373, 68, 16, 6),
(375, 187, 22, 6),
(376, 188, 17, 6),
(377, 188, 21, 6),
(378, 188, 30, 6),
(379, 189, 13, 6),
(382, 12, 22, 6),
(383, 12, 15, 6),
(384, 136, 30, 6),
(385, 191, 13, 6),
(388, 191, 30, 6),
(389, 192, 30, 6),
(391, 194, 22, 6),
(392, 194, 16, 6),
(393, 194, 30, 6),
(394, 173, 30, 6),
(396, 149, 30, 6),
(397, 195, 30, 6),
(398, 149, 13, 6),
(400, 196, 21, 6),
(401, 198, 30, 6),
(402, 196, 15, 6),
(403, 197, 30, 6),
(405, 196, 30, 6),
(406, 199, 16, 6),
(407, 28, 22, 6),
(408, 28, 15, 6),
(409, 28, 30, 6),
(410, 200, 22, 6),
(411, 201, 22, 6),
(412, 63, 15, 6),
(413, 202, 22, 6),
(414, 205, 22, 6),
(415, 206, 22, 6),
(416, 208, 15, 6),
(417, 67, 19, 6),
(418, 147, 19, 6),
(419, 40, 19, 6),
(420, 146, 22, 6),
(422, 209, 22, 6),
(424, 210, 16, 6),
(427, 212, 15, 6),
(429, 213, 15, 6),
(431, 215, 15, 6),
(432, 214, 16, 6),
(434, 160, 22, 6),
(435, 218, 22, 6),
(436, 219, 15, 6),
(437, 167, 15, 6),
(439, 221, 15, 6),
(440, 5, 19, 6),
(441, 225, 22, 6),
(442, 226, 16, 6),
(443, 227, 16, 6),
(444, 228, 15, 6),
(445, 228, 21, 6),
(446, 23, 19, 6),
(447, 134, 15, 6),
(450, 211, 21, 6),
(453, 231, 16, 6),
(454, 234, 22, 6),
(457, 235, 15, 6),
(459, 237, 21, 6),
(460, 237, 16, 6),
(461, 238, 16, 6),
(462, 224, 21, 6),
(463, 224, 16, 6),
(464, 239, 22, 6),
(465, 241, 16, 6),
(466, 153, 29, 6),
(470, 242, 22, 6),
(471, 242, 18, 6),
(472, 244, 16, 6),
(473, 245, 19, 6),
(474, 246, 16, 6),
(475, 186, 22, 6),
(476, 249, 16, 6),
(477, 250, 16, 6),
(478, 251, 16, 6),
(479, 252, 16, 6),
(480, 46, 16, 6),
(481, 253, 16, 6),
(482, 254, 22, 6),
(484, 256, 21, 6),
(485, 257, 15, 6),
(487, 260, 16, 6),
(490, 262, 16, 6),
(491, 263, 16, 6),
(492, 181, 22, 6),
(494, 64, 28, 6),
(495, 64, 20, 6),
(498, 266, 15, 6),
(499, 267, 15, 6),
(500, 270, 16, 6),
(501, 271, 13, 6),
(502, 272, 13, 6),
(503, 171, 22, 6),
(504, 270, 12, 5),
(505, 275, 16, 6),
(506, 276, 16, 6),
(507, 273, 15, 6),
(508, 277, 15, 6),
(511, 186, 17, 6),
(512, 186, 29, 6),
(513, 126, 30, 6),
(514, 100, 24, 6),
(515, 180, 29, 6),
(516, 235, 21, 6),
(517, 255, 29, 6),
(518, 236, 20, 6),
(519, 180, 22, 6),
(520, 18, 33, 7),
(521, 16, 35, 7),
(522, 54, 33, 7),
(523, 17, 35, 7),
(524, 9, 36, 7),
(525, 38, 38, 7),
(526, 135, 36, 7),
(527, 129, 36, 7),
(528, 55, 36, 7),
(531, 34, 33, 7),
(532, 90, 36, 7),
(533, 153, 36, 7),
(534, 161, 36, 7),
(535, 33, 33, 7),
(536, 137, 36, 7),
(538, 8, 36, 7),
(539, 13, 36, 7),
(541, 282, 34, 7),
(542, 128, 36, 7),
(543, 134, 36, 7),
(546, 119, 36, 7),
(547, 201, 36, 7),
(549, 180, 36, 7),
(551, 132, 36, 7),
(552, 220, 36, 7),
(554, 158, 36, 7),
(556, 283, 36, 7),
(557, 113, 36, 7),
(558, 166, 36, 7),
(559, 258, 36, 7),
(560, 200, 35, 7),
(561, 186, 36, 7),
(562, 21, 36, 7),
(563, 99, 36, 7),
(564, 205, 33, 7),
(565, 239, 33, 7),
(566, 155, 33, 7),
(567, 284, 35, 7),
(568, 209, 35, 7),
(569, 254, 35, 7),
(571, 102, 37, 7),
(572, 68, 38, 7),
(573, 285, 38, 7),
(574, 235, 35, 7),
(575, 286, 33, 7),
(576, 70, 38, 7),
(578, 270, 32, 7),
(579, 26, 37, 7),
(580, 48, 37, 7),
(581, 20, 32, 7),
(582, 112, 33, 7),
(584, 240, 35, 7),
(585, 288, 35, 7),
(586, 193, 35, 7),
(587, 107, 35, 7),
(588, 181, 37, 7),
(589, 177, 38, 7),
(591, 274, 35, 7),
(592, 42, 37, 7),
(593, 79, 35, 7),
(594, 291, 35, 7),
(596, 10, 37, 7),
(597, 19, 37, 7),
(598, 123, 35, 7),
(601, 184, 38, 7),
(603, 72, 37, 7),
(604, 74, 33, 7),
(605, 69, 33, 7),
(607, 63, 35, 7),
(608, 228, 31, 7),
(610, 297, 31, 7),
(612, 290, 38, 7),
(613, 296, 37, 7),
(614, 80, 38, 7),
(615, 81, 38, 7),
(616, 300, 31, 7),
(617, 46, 34, 7),
(618, 164, 37, 7);

-- --------------------------------------------------------

--
-- Estrutura para tabela `participantes`
--

CREATE TABLE `participantes` (
  `id_participante` int(11) NOT NULL,
  `nome` varchar(70) NOT NULL,
  `cpf` varchar(15) NOT NULL,
  `email` varchar(80) NOT NULL,
  `celular` varchar(17) DEFAULT NULL,
  `telefone` varchar(15) DEFAULT NULL,
  `senha` varchar(45) NOT NULL,
  `acesso` int(11) DEFAULT '0',
  `categoria_id` int(11) NOT NULL
) ENGINE=InnoDB DEFAULT CHARSET=utf8;

--
-- Despejando dados para a tabela `participantes`
--

INSERT INTO `participantes` (`id_participante`, `nome`, `cpf`, `email`, `celular`, `telefone`, `senha`, `acesso`, `categoria_id`) VALUES
(1, 'DENIS ANTONIO ROCHA', '984.816.816-87', 'denisantoniorocha@gmail.com', '(35) 9 8875-1516', '(35) 3292-2020', '3039dfebf7012af29038278a8e3bae4f', 4095, 2),
(2, 'MATHEUS FRANCO', '055.891.286-92', 'matheusefranco@gmail.com', '(35) 9 8826-3268', '', '86c2e8b8fb09a62a0b195670053014d1', 2047, 3),
(3, 'JESSICA ALVES DE LIMA VENANCIO', '118.167.286-40', 'jlimavenancio@outlook.com', '(35) 9 9747-3184', '(35) 9974-7184', 'a981ea63b35630802925e642b7e5738a', 2047, 2),
(4, 'MATHEUS TESTE ALUNO', '777.452.490-82', 'matheus@mail.com', '(35) 9 8826-3268', '', '86c2e8b8fb09a62a0b195670053014d1', 0, 2),
(5, 'DAFNE DIVA COSTA COUTO BRIGAGÃO', '131.591.656-80', 'dafnebrigagao@gmail.com', '(35) 9 8716-4115', '(35) 3295-2580', '975d5d4d6291edcbcac33e34b06c7934', 0, 2),
(6, 'JOÃO VITOR OLIVEIRA ARAUJO', '139.260.956-95', 'jv.oliveraraujo@gmail.com', '(35) 9 8411-4006', '', 'fc63e6e4c1f8399a84141da79979411d', 0, 1),
(7, 'VICTOR AUGUSTO REIS MARQUES', '115.982.276-02', 'victoraugusto2812@gmail.com', '(35) 9 9870-0501', '', '239d90c20d732be12f8f85add4168e58', 0, 1),
(8, 'LUCAS SIMÕES DE ASSIS', '129.934.906-48', 'lucas.car1234524@gmail.com', '(35) 9 9914-9347', '', '830c555ac7a31d724cd5787022f0bc1e', 0, 1),
(9, 'CARINE SILVEIRA', '108.899.336-26', 'carinesilveira7t@gmail.com', '(35) 9 9743-7411', '', '26f9a941118d0a6899b2c28663693ed4', 0, 2),
(10, 'YANI OLIVEIRA VILAS BOAS', '135.260.626-76', 'yanivilasboas@gmail.com', '(35) 9 9892-6166', '', 'a2e6092b94f756bb9125a3f3336a4327', 0, 2),
(11, 'CRISTIAN LUIZ DA SILVA', '440.435.148-83', 'cluizsistemas@outlook.com', '(35) 9 9123-7828', '', 'e3c5905a02be9db4065ef37505bf720c', 0, 2),
(12, 'ENIO TEIXEIRA DA SILVA', '119.766.366-55', 'eniocoq12@gmail.com', '(38) 9 9918-9613', '', 'e890fd54464a89ade2421e290ad559ca', 0, 2),
(13, 'SÍLVIA NASCIMENTO', '150.803.836-82', 'silviamnascimento4@gmail.com', '(35) 9 9917-3562', '(35) 3282-1292', '62439b582414dfec92eb4d6d158d4afd', 0, 1),
(14, 'KATIA FREITAS SILVA', '135.628.136-27', 'katiafreitassil2014@gmail.com', '(35) 9 8423-0994', '', 'cd48964905e61eb3d4cd2e8469e3b9eb', 0, 1),
(15, 'LARA DOS SANTOS HEMETÉRIO', '143.075.746-99', 'larahemeterio@gmail.com', '(35) 9 9195-4564', '', '9452a3551740f051c5a8ea0f6133796f', 0, 4),
(16, 'MARISTELA DE PAULA MACHADO', '118.720.246-02', 'malikmaristela@gmail.com', '(35) 9 9758-6736', '', '086f5a89455101a4dcf7057ad26efaad', 0, 2),
(17, 'THALIA SOUZA DA SILVA', '129.934.966-89', 'sthalia3448@gmail.com', '(35) 9 9724-7696', '', '05f65aa75517c5bb47d014800966accd', 0, 2),
(18, 'GABRIEL TEODORO DOS SANTOS', '121.767.716-05', 'gabrielgts@live.com', '(35) 9 9755-5349', '(35) 9975-5534', 'eec88a780dcd7dc7d801e642910b0bb3', 0, 2),
(19, 'LUIZ FELIPE GATTO SANTOS LUZ', '141.110.876-04', 'luizfelipegatto08@gmail.com', '(35) 9 8807-9177', '', '1bb70bdc0e2ed246a2d67057d88f0fe5', 0, 1),
(20, 'ALISSON MORAIS FIRMO', '115.982.076-79', 'bigbigball8486@gmail.com', '(35) 9 9815-9079', '', '2b937f2314a0bfdc64ed50a5e18377cc', 0, 1),
(21, 'WALLACE EDUARDO PEREIRA', '157.979.896-97', 'wallacepereira683@gmail.com', '(35) 9 9735-8626', '', 'c0b2e54f6af55a825147eba10630f76b', 0, 1),
(22, 'DANILO MARCOS DA SILVA', '110.497.086-44', 'marcosdanilo075@gmail.com', '(35) 9 9882-5564', '', '4473aba4fb511603b54e104df90e7ed3', 0, 2),
(23, 'MARCELO LEITE JUNIOR', '015.872.556-50', 'mleitejunior@gmail.com', '(35) 9 9100-6198', '(35) 3295-2705', '810c60fe9ce1163a7234b547f0d9d629', 0, 2),
(24, 'LUIS FELIPE DOS SANTOS', '140.624.156-31', 'luysfellyp@hotmail.com', '(35) 9 9938-8672', '(35) 9993-8867', 'e44073b019bfe2244c5bc09a8e88cd85', 0, 2),
(25, 'KLEBER ALBINO MOREIRA', '140.480.976-79', 'kleber0a0m@gmail.com', '(35) 9 9961-9132', '', 'ee330a67d794e89a0763a87feb8935e9', 0, 1),
(26, 'PEDRO HENRIQUE MARTINS E OLIVEIRA', '096.881.686-02', 'pedrogmhead@gmail.com', '(35) 9 9856-3930', '', '5ac45d6c665855dac8f75a49f41c8ced', 0, 2),
(27, 'GABRIEL DIAS', '101.964.386-24', 'gabriemero_12@hotmail.com', '(35) 9 8422-4234', '', '45ceb67a3c83224d6fa93b2a0af50733', 0, 2),
(28, 'GUSTAVO FERREIRA SANTOS', '119.816.176-04', 'gustavosinformacao@gmail.com', '(35) 9 9912-9653', '', 'e81467ffa14cd0c73a5c4e75b9631c00', 0, 2),
(29, 'LUÍS OTÁVIO CALIARI PEREIRA', '120.461.546-22', 'otaviocaliari@hotmail.com', '(35) 9 9968-1557', '', '67a7853884ef037d57d4ebcc69a88365', 0, 2),
(30, 'PEDRO HENRIQUE TAVARES FERREIRA', '105.505.076-04', 'pedrohenriquepc00@gmail.com', '(35) 9 8409-6925', '(35) 3267-3129', 'befa590b7e2ad977c349543d093b4eae', 0, 2),
(31, 'EMANUEL VICTOR BARROSO LEITE', '083.409.116-00', 'emanueleite11@gmail.com', '', '', '0ef915272537c8350adb7498b2a3b45f', 0, 4),
(32, 'GUILHERME OLIVEIRA BASSIGA', '142.805.396-42', 'oliveira1530@hotmail.com', '(35) 9 9246-6742', '', 'd70f2c1ea67cc05cadc9ff8c7a3b6b98', 0, 2),
(33, 'GUILHERME NOGUEIRA DE CARVALHO', '127.674.546-01', 'guilhermenogueiradecarvalho@gmail.com', '(35) 9 9840-1101', '', '16997b4a3bb7f7484e69b1efce0888fd', 0, 2),
(34, 'EVERTON PILA', '129.428.996-97', 'evertonpilasilva@outlook.com', '(35) 9 8713-6814', '(35) 8713-6814', '110cf5566223c4b254ee0c68cf3c1ae1', 0, 2),
(35, 'EVERTON OTAVIO AFONSO', '117.532.626-74', 'evertonafonso0@gmail.com', '', '', '15a9b5c64e0acdb55383ba14e2210f8e', 0, 4),
(36, 'VENIULTON', '912.385.288-72', 'vectoledo@gmail.com', '(35) 9 9976-1415', '', '172851c7bdb6df123ddeb1264d4a0b24', 0, 2),
(37, 'ANNA BEATRIZ DA SILVA BITTENCOURT', '145.827.966-99', 'bittencourtanna19@gmail.com', '(35) 9 8881-7975', '', '3880bd9f9c6d4e1be67af510b5f21b1e', 0, 1),
(38, 'BRENDA', '127.265.226-29', 'brenda_davila0@hotmail.com', '(35) 9 8863-6590', '', '2441afd9508dd6cdbb2f9b1bafef06d2', 0, 2),
(39, 'YURI RABELLO FERREIRA', '110.251.936-79', 'yurihr85@gmail.com', '(35) 9 9918-5152', '', '00c4e19691edd12ea400bd9ef3aea74a', 0, 2),
(40, 'LUCAS MARTINS MAXIMO DA SILVA', '438.463.658-07', 'lukhs_@hotmail.com', '(12) 9 8109-3174', '', 'ee3ffc0b9db7296a0715d267e77b0f77', 0, 2),
(41, 'WILLIAN SERAFINI ARAUJO', '127.357.266-14', 'willianwsa2014.22@gmail.com', '(35) 9 8821-2947', '', 'a4725fcf092195925a4041cb958b753a', 0, 2),
(42, 'JOÃO VÍTOR MOTERANI CARVALHO', '122.699.506-31', 'joaovitormoterani@hotmail.com', '(35) 9 9112-7274', '(35) 3295-5649', '2daf85b3bfd57c3a5d9f727df51b2fbd', 0, 1),
(43, 'MARIA JOSÉ SANTOS ROCHA', '918.648.366-87', 'mariajosesantosrocha@hotmail.com', '(35) 9 8876-6249', '(35) 3291-5590', '827ccb0eea8a706c4c34a16891f84e7b', 0, 4),
(44, 'MARIA LUIZA CARVALHO COSTA', '120.559.376-42', 'malu.caco@hotmail.com', '(35) 9 8895-3632', '(35) 3295-2106', '76b0280885e6900949701e3f32b27985', 0, 1),
(45, 'CAMILLY MORAIS CARVALHO', '127.733.566-40', 'camillycarvalho2020@hotmail.com', '(35) 9 9888-1083', '', '25f9e794323b453885f5181f1b624d0b', 0, 1),
(46, 'MARCELO LEITE', '458.232.609-97', 'marcelo.leite@ifsuldeminas.edu.br', '(35) 9 9230-2874', '(35) 3295-5183', 'd11b6f3a21b6d651dc257bed8ae9452f', 0, 3),
(47, 'AUGUSTO FELIPE GONÇALVES VILHENA', '098.516.426-30', 'augustovilhena12@gmail.com', '(35) 9 9988-3852', '', '843eb4ccc7b7cbe6c9915e1428415cfc', 0, 2),
(48, 'DÉBORA ISABEL BORGES', '136.504.766-06', 'deborges10@hotmail.com', '', '', '9ac4218a6322c20c974814a83484d421', 0, 1),
(49, 'LUCAS', '126.243.586-25', 'lc99890@gmail.com', '(35) 9 8863-5729', '', '33a02e5c0543f4953bcb60ef20ee06f7', 0, 1),
(50, 'LUCAS FREITAS SILVA', '130.309.076-78', 'freitaslucas75@gmail.com', '', '', '3bf963f0aa34493b333a347ea2d89110', 0, 2),
(51, 'LÍVIA RABELO DE CARVALHO BRANDÃO', '129.866.866-21', 'liviarcbrandao@hotmail.com', '(35) 9 9701-6814', '', 'd9d66a61600492bcb2760ff3c61e5fa7', 0, 1),
(52, 'MARIA FERNANDA SOUZA', '137.525.736-60', 'mary_fer_souza@hotmail.com.br', '(35) 9 9993-3954', '', '2b57eee89e399e2423476f0a1daae6f7', 0, 1),
(53, 'VINICIUS HERBST', '148.095.176-59', 'viniherbst@gmail.com', '', '', '1b5b901c323e7a5967d449c19817aafb', 0, 1),
(54, 'EVERSON VITOR PAULINO', '094.295.116-61', 'everson.paulino@gmail.com', '(35) 9 9826-7119', '', '638fcc86612496fe68e54ab400227874', 0, 2),
(55, 'GABRIEL NASCIMENTO', '160.780.566-97', 'gabrielsn039@gmail.com', '(35) 9 9209-0789', '', '55a6624da8e6127863eb8ba858df20a1', 0, 1),
(56, 'JAMILLY FERREIRA', '213.945.050-78', 'jami@gmail.com', '(35) 9 9747-3184', '(35) 9974-7318', 'e10adc3949ba59abbe56e057f20f883e', 0, 4),
(57, 'BRENDA CRISTINA SANTOS ROCHA', '164.182.226-01', 'breda.csr@hotmail.com', '(35) 9 8832-4447', '', '827ccb0eea8a706c4c34a16891f84e7b', 0, 4),
(58, 'LUCIANO CARVALHO', '038.083.366-25', 'luciano.carvalho@ifsuldeminas.edu.br', '(35) 9 8807-2145', '', 'e10adc3949ba59abbe56e057f20f883e', 0, 4),
(59, 'ALUISIO TAVARES JUNIOR', '100.863.976-13', 'aluisiotjunior@yahoo.com.br', '(35) 9 9186-8997', '', '0f8eec8d5472c473c7716e46c021ed2d', 511, 2),
(60, 'TALLES RIBEIRO DE CASTILHO', '089.432.546-95', 'talles_castilho@hotmail.com', '(35) 9 8466-9230', '', 'b51fa127399c289e337fc37ee0786398', 0, 2),
(61, 'JOÃO EDUARDO DE LIMA SILVA', '136.276.206-74', 'joaoeduardo980@gmail.com', '(35) 9 9992-9091', '', 'fb24f48caa2426f585c5bb3f8795db22', 0, 2),
(62, 'DENN', '124.628.836-22', 'denner.pf17@gmail.com', '(35) 9 9716-4101', '', 'f2fafaf519cd41df353882c923b31bf3', 0, 2),
(63, 'GABRIEL AVELAR GONÇALVES', '133.161.516-05', 'gabrielawelar@gmail.com', '(35) 9 9900-8673', '', '450c89f9bc2655de68cf2a2ce6c1131c', 0, 2),
(64, 'LUCAS LOPES', '116.970.226-00', 'def.arantes@gmail.com', '(35) 9 9969-4467', '', 'b66a5d321e854c238f2e81987bb0f458', 0, 1),
(65, 'JÚLIO DOS SANTOS PELÚCIO', '142.259.826-88', 'juliopeluciofox@hotmail.com', '(35) 9 8703-7999', '', '1841a6972e8cf76c73eec8de9b4fc851', 0, 2),
(66, 'JOSUÉ MELQUISEDEQUE LEITE', '120.931.566-10', 'josueleite564@gmail.com', '(35) 9 9177-9611', '', '3844f3fee6f7200912c6ad4b13271907', 0, 1),
(67, 'EMILY ELIZE', '129.485.296-54', 'emilyelize23@gmail.com', '(35) 9 9702-3193', '', '050a548200871e45391876114e152999', 0, 1),
(68, 'DANIELA AUGUSTA GUIMARÃES DIAS', '033.711.836-10', 'daniguim3@gmail.com', '(35) 9 8804-3518', '', 'f604adb6ab8673a31a8b2786095682de', 511, 3),
(69, 'CELSO AUGUSTO GOMES', '118.585.106-27', 'celso_ag@hotmail.com', '(35) 9 8444-4575', '', 'f2059988026e4d787e56cd6d3f1ed3ea', 0, 2),
(70, 'AMANDA DOMINGUES MORAIS', '151.367.906-60', 'xoxoadm@hotmail.com', '(35) 9 9838-5827', '', 'f70c543548c05ac6a4477ff1e4eb8025', 0, 1),
(71, 'CAIO AUGUSTO MOREIRA MARRONE', '101.039.786-90', 'caioaugustomm2703@gmail.com', '(35) 9 8800-9780', '', '0f391aa9dc5c64d71cba175f067fd558', 0, 1),
(72, 'ANDERSON ALVES TEIXEIRA', '123.859.606-13', 'a-alves@outlook.com.br', '(35) 9 9178-1045', '(35) 9178-1045', '521d45b63d26458bf0b7c3aa2a0a0fe3', 0, 2),
(73, 'YAN PABLO ALVES', '131.625.856-43', 'yanpabloalves@gmail.com', '(35) 9 8868-9965', '', 'b13c3e2c73da933262c8851b6e241903', 0, 1),
(74, 'BRUNO', '111.149.226-33', 'bruno.excalibour@gmail.com', '(35) 9 8709-6906', '', '039ebde43947475f2f42c041d33ec260', 76, 2),
(75, 'ENRICO PRADO MAZZOCHI', '130.227.446-50', 'epmazzochi07@yahoo.com.br', '(35) 9 8898-0307', '', '735175138d42a1291e9f2baa9390f29e', 0, 2),
(76, 'JHENNIFER ALVES DE SOUZA BOLINS', '151.894.206-71', 'jhejhe1011@hotmail.com', '(35) 9 8711-5792', '', '42407e5bfcbd5f4e963c7cc77d793b14', 0, 1),
(77, 'BIANCA DE CASSIA SILVA TAVARES', '136.230.576-65', 'travss026@gmail.com', '(35) 9 9716-4101', '(35) 3283-1661', '12a8035835d261ad3db627d8bed1aa0e', 0, 1),
(78, 'DAVI REIS DO NASCIMENTO', '146.700.496-07', 'davirn14@gmail.com', '(35) 9 9826-2304', '', 'b5663000dd169c3077561628553c42d3', 0, 1),
(79, 'GUILHERME ROMÃO MORAIS MARTINS', '129.786.676-21', 'guiromao88@hotmail.com', '(35) 9 9717-0015', '', '8dab1bfe6524ac8741ca86f2702fbf03', 0, 1),
(80, 'HOSANACMSILVA@GMAIL.COM', '129.919.716-73', 'hosanacmsilva@gmail.com', '(35) 9 8817-8883', '', '897a3732d3059fa59951a783dd3c04ef', 142, 2),
(81, 'AMANDA OLIVEIRA FRANCISCO', '119.136.286-80', 'amanddaof@gmail.com', '(35) 9 8824-1068', '', 'c88cc529abda7ad59a5fc732c93d5ca7', 141, 2),
(82, 'LUIZ FLÁVIO DE PAIVA REZENDE', '139.531.276-16', 'luizflavio1201@yahoo.com.br', '(35) 9 9809-0711', '(35) 3295-3845', '69794228d08ee9c19896eb7c4b67a2b6', 0, 1),
(83, 'RAÍSSA MACHADO DE SOUZA', '137.291.716-07', 'raissa.machado1511@gmail.com', '', '', '95e39aada417cba2181fbffd4877a744', 0, 2),
(84, 'FERNANDA STEPHANI FELIX DE ARAUJO', '155.717.656-66', 'fernandafelix140@gmail.com', '(35) 9 8465-4026', '(35) 3267-3291', 'd05637b3262c415c360b2b6fdb0b0618', 0, 1),
(85, 'NATHALIA DE SOUZA SILVA', '090.970.896-70', 'nathaliasouzas584@gmail.com', '(35) 9 9804-7185', '', '130cd70a4cfc51ead2bc2383e2444f33', 0, 1),
(86, 'LUIZ HENRIQUE BARRA TAVARES', '134.669.946-16', 'luizhenriquetavares3011@gmail.com', '(35) 9 8433-0338', '', '56bd49062a7fa9982232d1f5129ba54f', 0, 1),
(87, 'SERGIO SABOIA JUNIOR', '128.506.456-99', 'juniorsaboiasergio@hotmail.com', '(35) 9 8841-0180', '', 'bd1df2d2209e79b6a1c5f8d1fb6d2f02', 0, 4),
(88, 'JOÃO CARLOS LOPES ALVES', '118.803.806-09', 'jcarlosl2010@gmail.com', '(35) 9 9809-4583', '', '08835f4a58088917bb31cd8e5c5c347e', 0, 2),
(89, 'CALVER SILVA MELOTTO', '151.443.456-38', 'calversilva2018@gmail.com', '(35) 9 9887-6413', '(35) 3282-1577', 'e480e69eb71a39e340a4b107909f3337', 0, 1),
(90, 'MARIA CLARA MARTINS', '156.428.076-41', 'clarinhamariaclara958@gmail.com', '(35) 9 9869-1928', '', '3fa82019d1ecb307f0e38136c7aa5487', 0, 1),
(91, 'JAQUELINE DEUZELI MOREIRA', '137.659.666-06', 'jaquelinedeuzelimoreira@gmail.com', '(35) 9 9764-3332', '(35) 3295-3845', '0dd92d9a8ad95fd94a0f03af7d94ea58', 0, 1),
(92, 'SABRINA CAIXETA RODRIGUES', '129.867.236-83', 'sabrinacaixeta28@gmail.com', '(35) 9 9879-4592', '', 'df0a7b56081f0f1d4e18bb5aef358e67', 0, 1),
(93, 'FERNANDA CAXETA FERREIRA', '118.720.276-28', 'caixetaferferreira@gmail.com', '(35) 9 9873-5031', '(35) 9873-5031', 'a8f72128970e132c743abbc8cf27c4ce', 0, 1),
(94, 'IRIS WARMELING DOS SANTOS', '159.866.866-83', 'warmelingiris@gmail.com', '(35) 9 9926-1381', '', 'f9c1d65389c14aa2c190a9ffcebcdd75', 0, 1),
(95, 'GABRIELLY DE LIMA VENÂNCIO', '139.746.626-00', 'gabrielly_venancio@live.com', '(35) 9 9731-8850', '', '8585cbf70dbf41afdbeb1f2ea7b81465', 0, 2),
(96, 'DIEGO RUSSO', '415.576.828-36', 'diegorusso.if@gmail.com', '(35) 9 9918-9968', '', '275948f77017e83db72c6eba907b1bab', 0, 2),
(97, 'WELLINGTON ROCHA JUNIOR', '157.076.076-41', 'wellingtonroch@hotmail.com', '(35) 9 8861-5135', '', 'e8e32912c1f64430ddcf1b032a8de663', 0, 1),
(98, 'LUCAS DE LIMA CAMARGO', '087.871.496-05', 'lucas.lcamargo@yahoo.com', '(35) 9 9818-8113', '', 'fccd96b006b18ca7ff33e69ac9a980de', 0, 4),
(99, 'GEREMIAS DIAS DOS SANTOS DE CARVALHO', '156.532.676-86', 'geremiascarvalho12@gmail.com', '(35) 9 8706-2584', '(35) 3264-4355', 'dd1951a311be8bc981168e47a24d0120', 0, 1),
(100, 'CAIO HENRIQUE MADALENA', '157.097.696-14', 'caiohenriquemadalenachm61@gmail.com', '', '', '80aed07cf9c4ab6224972448a32d09fb', 0, 1),
(101, 'FERNANDO HENRIQUE DE SOUZA', '118.220.116-47', 'fernandohsousa1992@gmail.com', '(35) 9 8889-4078', '', 'fc1b51933e07463d2bd9321a612aa84e', 0, 2),
(102, 'ANA CLARA SANTOS RODRIGUES', '138.831.456-88', 'anaclara7rodrigues@gmail.com', '(35) 9 8885-5140', '', 'c17f885c13f5ff1b89e056b03724e050', 0, 1),
(103, 'BRUNO ALVES AGUIAR', '134.967.136-31', 'brunoaguiarr28@gmail.com', '(35) 9 8859-1903', '(35) 8859-1903', '9980543387234c7f706209bac9c551cc', 0, 2),
(104, 'JOSIEL DE LIMA DA SILVA', '108.813.926-42', 'josielsilva.info@gmail.com', '(35) 9 8847-6229', '', 'cf531cc0681ac00ff01390c135861e84', 0, 2),
(105, 'FERNANDO VILLACORTA BUENO', '982.097.522-00', 'fernandovillacortabueno123@gmail.com', '(03) 5 9840-9897', '', '2e36812b04d64f41b6cb0380aa94609f', 0, 1),
(106, 'GABRIEL SALES GONÇALVES', '117.602.686-07', 'gabriel-sales73@hotmail.com', '(35) 9 9245-7024', '', '3985c9fc0a530c7aacb300e7a76faeb1', 0, 2),
(107, 'MARIA CLARA', '700.971.246-80', 'mariatdeleuterio@gmail.com', '(35) 9 9910-5276', '', 'bd143c579ba63610f3cff91982345b01', 0, 1),
(108, 'JADER SÁVIO DA SILVA MARTINS', '146.625.486-67', 'jadersavio@hotmail.com', '(35) 9 8893-4664', '', 'd6388df9e4b4ccf27b686e0ed50c2326', 0, 2),
(109, 'JHULIA D\'ELEUTÉRIO DIAS GONÇALVES', '701.487.556-66', 'jhuddias607@gmail.com', '(35) 9 9962-5045', '', '21e323e389d42199035091274e928d56', 0, 1),
(110, 'PEDRO FERREIRA FRANCO', '173.524.996-36', 'francoirmaos@gmail.com', '5503515998085210', '', 'd1a6ea8362f1f38e0e5899fe0ee9302d', 0, 1),
(111, 'THALES SANTOS DA SILVA', '129.864.056-30', 'thathasatoss@gmail.com', '(35) 9 8461-7566', '', '7675083735cf9047a17f726f5b00a58b', 0, 2),
(112, 'LUAN DE CASTILHO DIAS', '118.917.566-56', 'luancastilhodias@gmail.com', '(35) 9 8468-9251', '', '90a4e5bcd21f7a1d05bea3329b4973ff', 0, 1),
(113, 'ARIELCE JOSÉ PEREIRA JUNIOR', '158.397.096-70', 'arielcejunior@hotmail.com', '(35) 9 9956-3884', '', '2142f0ced8cf1187868f1a9d06530820', 0, 1),
(114, 'TONY ALBERTO DA SILVA', '074.479.526-56', 'tonyalbertodeserrania@gmail.com', '(35) 9 8705-1323', '', '2416d2cd967f9bb5e7062171be08b603', 0, 2),
(115, 'ANDRÉ GABRIEL DE CARLI', '155.542.116-40', 'andredorgas6@gmail.com', '(35) 9 8822-1400', '(35) 3222-8308', '321d0e4855c7a16be92c7bde619910d3', 0, 1),
(116, 'CARLOS ROBERTO DOS SANTOS JUNIOR', '143.591.746-40', 'cr608921@gmail.com', '(35) 9 9890-5561', '', '382715b3b7af665b1fc02bff38a3e79d', 0, 2),
(117, 'BEATRIZ FERNANDES PEDRASINI', '133.829.016-92', 'beatrizfernandespedrasini@gmail.com.br', '(35) 9 8831-1726', '', '04e09ea7ea9ad0df6264bc7dff41ca30', 0, 1),
(118, 'ANNA JULIA', '085.227.506-45', 'annajulialucas12@gmail.com', '(35) 9 9750-8145', '', '57689b3bd6c6e4018c57d394441ba897', 0, 4),
(119, 'GABRIELLA MILAN', '136.338.616-61', 'gabimilan2003@hotmail.com', '(35) 9 8808-6689', '', 'd1ad736d1967dfcf3ddc12bd8c542c2c', 0, 1),
(120, 'RAFAELA BAGNI RIBEIRO', '127.352.956-13', 'rafaelabagni@gmail.com', '(35) 9 8713-9375', '', '744c8430929d5ce5cf9646522b518af2', 0, 2),
(121, 'LUÍS OTÁVIO FIGUEIREDO SANTOS', '162.041.856-83', 'luisotavianofigueiredo@gmail.com', '(35) 9 8871-6725', '', 'ea300dbf10a670c4bc07e727600d1287', 0, 1),
(122, 'NATHÁLIA PAES DE OLIVEIRA', '077.346.946-08', 'nathaliap0212@gmail.com', '(35) 9 8858-4508', '', 'ace88cc1ace39cefe810c310a3fee3e9', 0, 1),
(123, 'ANA PAULA', '158.172.346-61', 'anathibia@gmail.com', '(35) 9 9869-5085', '', 'f633b7df336a0a7f8251e1eec56ae973', 0, 1),
(124, 'LUCAS CAIXETA GENEROSO', '118.840.496-21', 'lucas.caixeta10@gmail.com', '(35) 9 9919-5861', '', '1784219dec4768b26d024dae5db51a43', 0, 1),
(125, 'RAFAEL PEREIRA MEZETTI', '097.037.866-18', 'lucca.mezetti@gmail.com', '(35) 9 8701-0648', '', '7e121dfba5ee31b91ff4bb002772f9b4', 0, 1),
(126, 'LUCAS KAUÊ DE PAULA', '123.451.516-41', 'lucaskaue0351@gmail.com', '(35) 9 9739-3985', '', '1d876555c80a087235e7307de0616f92', 0, 1),
(127, 'GABRIELA DE ANDRADE REZENDE', '136.200.446-43', 'gabrielarezendeandrade@gmail.com', '(35) 9 8887-5107', '', 'd33a2aa487bd3e577c6f58cca4d638aa', 0, 1),
(128, 'MARIA ALICE', '129.411.476-08', 'mariaalicenaves.man@gmail.com', '(35) 9 9832-9544', '', '0147b1fc18495baadc9032fc5ee273c4', 0, 1),
(129, 'JAQUELINE JACIRA DO LAGO', '127.941.976-81', 'jaquelago7@gmail.com', '(35) 9 9870-0869', '', 'b4a111df9d47f25dfedea7b9c8da53ba', 0, 1),
(130, 'RAFAEL SANTOS COSTA', '139.466.086-39', 'saulinho0078@gmail.com', '(35) 9 9120-4784', '', '9ff5b5f5130ecbd2fb1ceb9dc075d334', 0, 2),
(131, 'ARIELE M. CALIARI', '155.336.376-05', 'arieledemelocaliari@gmail.com', '(35) 9 9727-7100', '', '97263f7cae9432b50085db4bec57d3b4', 0, 1),
(132, 'SALOMÃO FERREIRA JÚNIOR', '174.133.196-08', 'salomao.junior1324@gmail.com', '(35) 9 9882-7867', '', '424aa5dc61213865df43c571017f0e3c', 0, 1),
(133, 'DÉBORA ADRYAN SILVA CARVALHO', '135.192.856-22', 'deboraacarvalho29@gmail.com', '(35) 9 8895-1542', '(35) 3295-1130', 'ee365cec575f5aae38c1e02c5c0270e4', 0, 1),
(134, 'CARLOS EDUARDO SILVA DE MORAES', '156.563.916-20', 'carlosedu.moraes123@gmail.com', '(35) 9 9850-6144', '', '77f499f574475bd4126b0cb0bcb3cad3', 0, 1),
(135, 'GABRIELA MARTINS VILELA DE MELO', '097.989.816-18', 'gabrielamartinsvilelademelo@gmail.com', '(35) 9 9846-0928', '', 'f4fc8cea8a815a425b17836f03ddb634', 0, 1),
(136, 'VIVIANE ARAUJO DE OLIVEIRA', '124.764.914-89', 'vivianea2003@gmail.com', '(35) 9 8882-9201', '(35) 8882-9201', 'e7d903b9d46c26171a1280d3602e8ee6', 0, 1),
(137, 'DIEGO HENRIQUE XAVIER', '131.680.266-38', 'diegohenriquexavier2003@gmail.com', '(35) 9 9909-6002', '', 'd36a26ba34eab22b5171dec95934f33a', 0, 1),
(138, 'HYAGO HENRIQUE DE SOUZA', '150.509.946-32', 'gosouza.hz@gmail.com', '(35) 9 9741-1020', '', '3402ca3d36f81bdfa34dee1de58925a2', 0, 1),
(139, 'VINÍCIUS OLIVEIRA TAVARES', '161.799.906-70', 'viniciusotjunior3008@gmail.com', '(35) 9 8438-8062', '(35) 3267-4138', '9517dcbbeea720d69cc2b0051256d28a', 0, 1),
(140, 'IVAM CARVALHO NOVAIS', '133.191.656-90', 'ivamnovaisivam@gmail.com', '(35) 9 8419-8741', '', '826acedae5686466ac4b3ccfec725ac0', 0, 2),
(141, 'LUIS HENRIQUE DE SOUZA GONÇALVES', '130.020.356-02', 'lhsouza_007@hotmail.com', '(35) 9 9880-5492', '', 'cc0d6732d6ed9b6dfa35e6b0606a2138', 0, 2),
(142, 'DANIELA GONÇALVES MOREIRA', '150.514.846-46', 'goncalvesdani099@gmail.com', '(35) 9 9875-1520', '', 'afd73bbddcb46a40491e3e5092592de0', 0, 1),
(143, 'RIAN TAVARES OLIVEIRA', '119.563.206-10', 'riant.oliveira07@gmail.com', '(35) 9-9700-8254', '', '50be088c1f967e812b53db42b413bbca', 0, 1),
(144, 'GABRIEL HENRIQUE DOMINGOS', '142.581.786-67', 'gabrielhenriquercttp@gmail.com', '(35) 9 9763-8973', '', '44b561296ceb6cacb39425ebd1de58de', 0, 2),
(145, 'SOLANO INÁCIO COGO', '127.477.716-01', 'solanoinacio15@gmail.com', '(35) 9 9746-0651', '(35) 3265-5570', 'd1729c708fe59aeb8754b94ef82bfe19', 0, 1),
(146, 'MARIA CLARA GRILO RIBEIRO MAGALHÃES', '148.792.216-78', 'mariaclarinha1109@gmail.com', '15 (35)998808650', '', '2fe50192e0cd884c80b32910a23b346d', 0, 1),
(147, 'MARCELO TEIXEIRA CAIXETA', '128.955.136-78', 'caburgass78@gmail.com', '(35) 9 8808-1737', '(35) 3295-6607', 'a9b4c19120bace73974df0863bb9f602', 0, 1),
(148, 'HERBERT FARIA PINTO', '576.140.326-91', 'herbert.faria@ifsuldeminas.edu.br', '(35) 9 8807-8347', '', '9d972cd14e26783cdbb7047d8f69d51b', 0, 3),
(149, 'VITÓRIA ANTONIELA DE ALMEIDA', '155.591.516-70', 'vitoriaantoniela2019@gmail.com', '(35) 9 9730-0277', '', '4f24728868d0dacb872f931dd67fc02e', 0, 1),
(150, 'SAMUEL AMBAR MEZAVILA', '139.142.116-79', 'samuelmezavila@gmail.com', '(35) 9 9247-7081', '', '1c407c195c723e8ec61d6208461f5fbb', 0, 2),
(151, 'MAINARA APARECIDA DE OLIVEIRA TARABOLI', '146.642.106-12', 'mainarataraboli@gmail.com', '(35) 9 9926-3693', '', '86078b8eef665ed508ad2dc7ed23294c', 0, 2),
(152, 'MARCO ANTÔNIO NANNETTI DIAS', '094.675.456-08', 'marconannetti@yahoo.com.br', '(35) 9 9929-2752', '', '3b9316824bb67a8d042b82e17ca386e5', 0, 2),
(153, 'PIETRA MARQUES PANIS', '133.297.476-76', 'pietramarquespanis@gmail.com', '(35) 9 8428-6930', '', '52ad09a3fa330456a08c35c47dd2147f', 0, 1),
(154, 'THALES FRAZÃO LEITE', '120.559.316-01', 'thalesleite729@gmail.com', '(35) 9 8836-5378', '', 'fdb57d527fba475d8124f9b548a1c0ad', 0, 1),
(155, 'JOÃO PEDRO COSTA SILVA', '130.803.866-63', 'vkzoeiroextremelol@gmail.com', '(35) 9 9768-9291', '', '3f8a749d0788f0ad242feae05d90bf91', 0, 1),
(156, 'MARCELO HENRIQUE MILAN DE OLIVEIRA', '128.283.486-01', 'marcelohmilan@gmail.com', '(35) 9 8833-1052', '', 'fcdf2235ecce749cdcf2f10f1323755f', 0, 2),
(157, 'MATHEUS APARECIDO ASSIS DE OLIVEIRA', '124.922.796-85', 'theuzinho060@gmail.com', '(35) 9 8853-7340', '(35) 3431-4062', 'e6d91396b30a34b229d4774f4a19beb5', 0, 1),
(158, 'GIOVANNA KAZUI KURIIWA FIGUEIREDO', '142.515.506-50', 'giovanna.kazui@gmail.com', '(35) 9 8702-1581', '', '596742e979e1cd9fa86b970e5a52a097', 0, 4),
(159, 'RAFAEL DE ASSIS FRANCO', '123.121.286-16', 'rafaelassis27@gmail.com', '(35) 9 9959-5921', '', 'eaa5010332fe7bd4f0a8f3c8487a33e5', 0, 2),
(160, 'PRISCILA ALMEIDA FERREIRA', '112.810.606-07', 'pri20almeida16@gmail.com', '(35) 9 8821-7284', '', 'c10ffecc86cf8584765392ed4d65fcb9', 0, 2),
(161, 'LAÍS GABRIELA REIS DO NASCIMENTO', '146.700.316-60', 'laisgabrielaloves@gmail.com', '(35) 9 9853-2789', '', '049f60b71c512787108dc76d977484fb', 0, 1),
(162, 'GUSTAVO CUNHA DOS SANTOS', '136.589.466-52', 'gucscunha@gmail.com', '(35) 9 9938-8462', '', 'e4e0a0bd1c1dc32ffb1bef53dd8f105b', 0, 1),
(163, 'CAMILLY VITORIA ARNALDO SANTOS', '140.222.516-46', 'camillyvitoriaarnaldosantos@gmail.com', '(35) 9 8861-4391', '', '3aaefaea057c5adb7675a86ea34d1833', 0, 1),
(164, 'FILIPE SOUZA', '132.179.086-43', 'filipe060701@gmail.com', '(35) 9 9744-0100', '', 'f285ca0cf3e8f214535290c4b74ab131', 0, 1),
(165, 'JESSICA MACHADO', '159.754.946-05', 'jessicacsouzalp@gmail.com', '(35) 9 8827-3859', '', 'b4efdcae90a70ba449abc6a825891bfc', 0, 1),
(166, 'RYANN', '128.158.216-64', 'ryann080803@gmail.com', '(35) 9 9643-9444', '', '58ae122da7243d19ee431d81018e38be', 0, 1),
(167, 'THAYNAN JUNQUEIRA FAGUNDES', '106.835.796-73', 'nanfagundes@hotmail.com', '(35) 9 9969-6294', '', '110e471629dda1eb9f14ee24b951cd2d', 0, 2),
(168, 'PIETRA MARQUES', '133.326.716-93', 'davisilvacdm@gmail.com', '(35) 9 9985-9870', '', '52ad09a3fa330456a08c35c47dd2147f', 0, 1),
(169, 'MARCOS ANTONIO GONÇALVES JUNIOR', '116.067.746-89', 'goncalvesj24@gmail.com', '(35) 9 9733-2024', '', '680439859929c3da21e7170f656d551e', 0, 2),
(170, 'FELIPE MARQUES RODRIGUES', '158.070.836-60', 'felipemarquesrodrigues@gmail.com', '(35) 9 8456-5992', '', 'b104cbd8b15b1b94ff48dfa4ed5bd877', 0, 1),
(171, 'CAMILY GONÇALVES DE BEM', '147.406.256-36', 'camilyjeon@gmail.com', '(35) 9 9721-0640', '', '37e1c8da07b1a5fecc7344f73c16c636', 0, 1),
(172, 'MARCELO FELIPE DA LUZ', '113.402.526-27', 'daluzmarcelofelipe@gmail.com', '(35) 9 9827-8392', '(35) 3291-8014', '43abbddce870566423b006611ed46538', 0, 2),
(173, 'BÁRBARA GRAZIELA LOURENÇO', '175.841.236-43', 'babigrazi200016@gmail.com', '(35) 9 9710-6244', '(35) 3295-1801', '444e5ae286955657bfb17a71bb1a133d', 0, 1),
(174, 'RAYSSON CAPRONI DE CARVALHO', '127.855.226-05', 'rayssoncc@gmail.com', '(35) 9 9885-5290', '', '642c9e4a3173ea91f8e440ceff0ea8c1', 0, 1),
(175, 'LEONARDO', '168.745.706-92', 'leo040604@gmail.com', '(35) 9 9874-6993', '(35) 3283-1272', '574c1868820b3235c3ddaad5f8e6a79a', 0, 1),
(176, 'JOÃO GUILHERME AVELINO GONÇALVES', '157.397.036-03', 'joaoguilhermy0147@gmail.com', '(35) 9 9832-7302', '(35) 3283-1619', 'ec0c20dd83852172e39179668c0bff32', 0, 1),
(177, 'BRUNA TONDATO AMORIM DA SILVA', '420.258.708-17', 'bruna.tondato@hotmail.com', '(19) 9 9345-8452', '', 'e4ab24bb215cd2d68ceaae5b0e4eaa93', 0, 2),
(178, 'ALINE DA SILVA DOMINGUES', '054.571.826-06', 'domingues.aline1505@gmail.com', '(35) 9 8853-7446', '', 'e3c07a396fa293c0122d6e378223c82a', 0, 2),
(179, 'ROSINEIDE ANDRADE DE CARVALHO', '110.396.906-45', 'carvalhorosineide2008@gmail.com', '(35) 9 9168-9819', '', '792c8ab94b7b68d538f3044b345064de', 0, 2),
(180, 'JUAN PABLO CARVALHO COSTA', '171.314.606-13', 'juan.monteiro1983@gmail.com', '(35) 9 8856-3340', '', 'dc0c00f45c5442fcf2d194c649c135db', 0, 1),
(181, 'MATHEUS JUNIOR MARTINS DA SILVA', '115.982.266-22', 'matheus.jm.silva2409@gmail.com', '(35) 9 9987-8383', '(35) 9865-0055', '6b41223e9570464de06ab59dfa81f221', 0, 1),
(182, 'JOSIANI APARECIDA TORRES SOARES TEIXEIRA', '082.688.806-27', 'josi.ap.soares@gmail.com', '(35) 9 9220-8690', '(35) 3295-4617', '704861ae2030d843b729dc25a06cfe9a', 0, 2),
(183, 'NATÁLIA PAULINO GRILLO', '139.431.376.43', 'nataliapaulino36@gmail.com', '((35)9.9807-1390', '00000000000000', '0c6838e96175d608c28ad256702344d0', 0, 2),
(184, 'CEILA APARECIDA PATROCINIO', '094.516.906-03', 'ceilapatrocinio188@gmail.com', '(35) 9 8411-4073', '(35) 3295-4617', '7920b460834241fe8d73984f26e386ff', 0, 2),
(185, 'FLÁVIA SELICANI RÊIS', '138.851.606-33', 'flaviaselicani@gmail.com', '(35) 9 8407-7439', '', '91b7ebd1ca8554e3110e1c430a03c4cb', 0, 2),
(186, 'KAYKY FRANCISCO RODRIGUES DA ROCHA', '160.249.506-83', 'kayky.f@gmail.com', '(33) 9 9804-8825', '', 'f37dd2367b5793ce424d0a500172ae0f', 0, 1),
(187, 'FLAVIANA SATURNINO DA SILVA', '115.926.516-07', 'flasaturninosilva@gmail.com', '(35) 9 8717-1533', '', 'b4499dc7ba1e089f0f5cb86572e3a3b7', 0, 2),
(188, 'RODRIGO HESKETH NUNES', '125.916.596-56', 'heskethr2@gmail.com', '', '(35) 9708-9572', 'a215ff64339d46ce0b4f1b572c510cf3', 0, 2),
(189, 'RONALDO BRAZIER JÚNIOR', '148.495.316-95', 'braziezinho@gmail.com', '(35) 9 9840-4269', '', 'ca9fe18389d23d6b3bf2e752b028c8e7', 0, 2),
(190, 'ITAMAR AQUILES SIMÃO COSTA', '080.099.186-95', 'itamarsimao91@gmail.com', '(35) 9 9937-1162', '', '0062d21c1a97acad0fff653df56849b2', 0, 2),
(191, 'GABRIEL VICTOR FERREIRA BERNARDES', '165.427.936-66', 'gabriel.victor.fb.2018@gmail.com', '(35) 9 9861-9905', '', '049a615cf8cf70833e97f7f31065ebdd', 0, 1),
(192, 'STEFFANY VICTORIA DE SOUZA', '086.128.236-17', 'steffanyvictoriasouzacampos@gmail.com', '(35) 9 8416-4548', '(35) 3298-1038', 'd725e7e0e8ae622f6f4e882ba0cdfffb', 0, 1),
(193, 'THAINÁ VITÓRIA AGUIAR DA SILVA', '076.884.856-30', 'thainavitoriaads@gmail.com', '(35) 9 8832-0959', '', '918756f380b655777bbec4accd3521b6', 0, 1),
(194, 'NALCLER JOSÉ MOREIRA TAVARES', '016.441.786-99', 'nalclertavares@gmail.com', '(35) 9 8829-9389', '(35) 3295-3261', '4318bc9989c67b84c50830ce7c5d67ff', 0, 2),
(195, 'MAYARA RIBEIRO BORIM', '143.229.176-90', 'mayarborim@gmail.com', '(35) 9 8461-4242', '(35) 3267-3546', 'f13d345d4582115e1a59849c73881a15', 0, 1),
(196, 'RAFAEL PEREIRA', '124.682.026-94', 'rafaelpereira555@outlook.com', '(35) 9 8810-0137', '(35) 3295-5055', '5cb505795082322ba1a2aa513485273f', 0, 2),
(197, 'PEDRO HENRIQUE CAPRONI', '139.829.836-06', 'cgcgphc@gmail.com', '(35) 9 9996-4337', '', 'd8c24e5c47d2b086ee5a355e4803d861', 0, 1),
(198, 'SABRINA VAZ DA SILVA', '152.729.776-45', 'sabrinavaz45678@gmail.com', '(35) 9 9713-2379', '', '5e68eb1f2f566449af0d1caf69b89d0d', 0, 1),
(199, 'JÉSSICA LAIS CORREA AMARAL', '108.212.926-76', 'amaral.jessy@yahoo.com.br', '(35) 9 8461-8681', '', '6b9611669f31f2a9a2c9e80d185b127e', 0, 2),
(200, 'THAINY VITORIA DA SILVA SANTOS', '173.315.176-19', 'thainyvitoria3@gmail.com', '(35) 9 9990-4379', '', '728657e3a475ce0fe6180c7a05a39e57', 0, 1),
(201, 'LUIZ GABRIEL DIAS COSTA', '136.847.296-63', 'luizd5227@gmail.com', '(35) 9 9931-7042', '', '4aa89f40fbdb8270c9408467ccffd692', 0, 1),
(202, 'LAILA MARIA GONÇALVES DE SOUZA', '147.532.646.70', 'laila.mgs2019@gmail.com', '(035)9-8708-8164', '', '89c3c88d08a913294c52f4f4599c4507', 0, 1),
(203, 'ERICK DE BEM CAMPOS', '120.557.416-67', 'erickcamposbem69@gmail.com', '(35) 9-8887-0192', '', '8fb49e0aee110616f76edab8c435a5f2', 0, 1),
(204, 'YURI HENRIQUE PEREIRA COSTA', '123.034.166-80', 'yurilevante@gmail.com', '', '', '01cfcd4f6b8770febfb40cb906715822', 0, 1),
(205, 'LARISSA EDUARDA DA SILVA', '127.167.376-22', 'larissa.eds2019@gmail.com', '(35) 9 9814-2657', '', '9cd321682a103b67f5653a5c44cceca7', 0, 1),
(206, 'JULIANA', '140.722.966-43', 'julianaarte13@gmail.com', '(35) 9 8895-2825', '(35) 3265-0344', '81d3319ed425e06a64b36c8d97566f2e', 0, 1),
(207, 'DOUGLAS RICARDO CARVALHO', '108.546.406-73', 'douglasr_rstr@hotmail.com', '(35) 9 9817-6792', '', 'daeea5e0772e21203c397ac7bf75fb17', 0, 2),
(208, 'AUGUSTO MÁRCIO DA SILVA JÚNIOR', '270.294.718-22', 'augusto.junior@ifsuldeminas.edu.br', '(35) 9 8817-5996', '', '9e52686ff61dfe775edbee75c579b855', 0, 3),
(209, 'FABRICIO AUGUSTO CALIARI DE SOUZA', '120.559.436-18', 'fa340186@gmail.com', '(35) 9 8856-7890', '(35) 3295-4364', '3bf85d24a44b1e256e80d3299277e24e', 0, 1),
(210, 'VITÓRIA EMANUELE OLIVEIRA MENDES', '156.162.476-42', 'emanuelevitoria808@gmail.com', '(35) 9 9967-3374', '', 'ba35beacbf08980522a2694ef466e03e', 0, 1),
(211, 'LUIS RICARDO CARVALHO', '136.924.946-29', 'luisricardocar2003@gmail.com', '(35) 9 9762-0599', '', '8c7d7dcef4fce6c73f36f457f814af0c', 0, 1),
(212, 'JOÃO PAULO MINGUETTI GONCALVES', '107.228.896-66', 'joaopaulom.goncalves@gmail.com', '(35) 9 8709-2035', '', '079ff31ef23535e8402894d9ed40d023', 0, 2),
(213, 'SERGIO CARVALHO MOREIRA', '086.626.826-00', 'sergiocarvalhomoreira@gmail.com', '(35) 9 8836-8827', '', '2b3c34eaa4904bec16b45a1d7fc08705', 0, 4),
(214, 'THALES BERNARDES MARTINHO', '146-243-526-29', 'thallesbernardes03aj@gmail.com', '+55(35)991954619', '', 'cdbb2a75681053ff739e390798ca8188', 0, 2),
(215, 'CAIO DIAS', '133.050.836-03', 'caiodias910@gmail.com', '(35) 9 9864-6220', '', 'fb1703c51b210b4bf3af940389cc775b', 0, 2),
(216, 'GABRIELL FÉLIX DUTRA', '160.912.256-93', 'gabrielld40@gmail.com', '(35) 9 8709-4863', '', 'cfe7799cffda68c10b462e8b2d3e7e34', 0, 1),
(217, 'EMILY PEREIRA SOARES', '162.591.236-63', 'emilypereirasoares46@gmail.com', '(35) 9 8449-0149', '', 'eac9b360aed349dfe6fdc70eae426b7d', 0, 1),
(218, 'MIRIAN GOULART DE BRITO', '099.829.166-88', 'miriangoulartdebrito2015@gmail.com', '(55)3599705-6934', '', '8f084efb4fd8521c9dba97ee3f0cb1e9', 0, 1),
(219, 'ALCEU', '121.014.956-78', 'alceujunior_cardoso@hotmail.com', '(35) 9 9815-1585', '', '163f14a4ecad927a52b736101fe65187', 0, 4),
(220, 'GUILHERME DOS REIS LEONI', '115.351.666-73', 'guileone167@gmail.com', '(35) 9 9997-9041', '', '502febc19a0f6c91ef5dd175c442c3c7', 0, 1),
(221, 'ELISA CAVALCANTI', '067.210.546-20', 'ti@giroagro.com.br', '(35) 9 9892-6091', '', '7b87e26d071696057815729fa723c898', 0, 4),
(222, 'CHRYSTIAN ROCHA RAMOS MORAIS', '133.248.626-63', 'chrystiianrocha@gmail.com', '(35) 9 8818-4783', '(32) 3267-1858', 'ae30ec79fd092a23c6af09166874066b', 0, 2),
(223, 'PATRÍCIA APARECIDA LEMES FERNANDES', '115.580.656-52', 'pa966708@gmail.com', '(35) 9 9821-0825', '', 'cfef4fae316f4906d709427c48e9beb2', 0, 2),
(224, 'RAPHAEL EXPEDITO DOS SANTOS E SILVA', '146.312.756-18', 'raphael.expedito.silva@gmail.com', '(35) 9 9987-3497', '', '6f3f3b61116ccbc4ea4527001c11ceb0', 0, 2),
(225, 'JOÃO PEDRO DE OLIVEIRA', '135.721.856-70', 'joaopedro.olive31@gmail.com', '(35) 9 9160-1807', '', '6034a9e8819908a48114495b2f6cab97', 0, 2),
(226, 'LUCAS LIMA DE RESENDE', '015.258.736-52', 'lucas.resende@ifsuldeminas.edu.br', '(35) 9 8712-1817', '', 'fc4027791ac7e93449d7bebf9aa478aa', 0, 3),
(227, 'CAMILA CORREA RODRIGUES', '476.265.528-73', 'camilacorrearodrigues@outlook.com', '(35) 9 8418-3076', '', '8281e90a511bbbcd43f4a7b918d4981a', 0, 2),
(228, 'CARLOS HENRIQUE SILVA PINTO', '148.881.856-89', 'carloshsp10@gmail.com', '(35) 9 9876-1806', '', '67e5790d9cf6d22c7279587b627b1c0e', 0, 2),
(229, 'JOSÉ VICTOR', '086.947.766-85', 'josevictorcontrucci@gmail.com', '(35) 9 8853-2306', '', '11e4053eef7ff5e30b0c36f704e5f91c', 0, 4),
(230, 'ALESSANDRA DE OLIVEIRA', '149.460.666-67', 'leholiveira999@gmail.com', '(55) 9 9748-8587', '', 'c9f801aa8dbcd696a98081e4cddf6c2b', 0, 2),
(231, 'DIVANILDO DE PAULA COELHO', '134.237.946-23', 'divanildo100@gmail.com', '(35) 9 9990-7644', '', 'b72e40b180b410b20a5b31a64e030478', 0, 2),
(232, 'LETÍCIA ISABELA DE CARVALHO', '111.510.246-00', 'leticiaisabela48@gmail.com', '(35) 9 8703-7541', '(35) 3295-6723', 'b943115d800a923d0ab7ca5396b6fa99', 0, 1),
(233, 'LEONARDO GARCIA BERNARDES', '080.138.826-08', 'leogbernarde@gmail.com', '(35) 9 8706-1124', '', '4f8a6dcd36a69cdae8b38a57e06f2a1b', 0, 1),
(234, 'SAMUEL BUENO RODRIGUES', '105.686.426-51', 'samubueno2013@hotmail.com', '(35) 9 8861-8220', '(35) 9886-1822', 'a6d2e12e5f9ee2e0f426694fcb6b0b8f', 0, 1),
(235, 'LEO LIMA', '127.918.156-78', 'leonardolimae@gmail.com', '(35) 9 9756-4860', '', 'ceb684964083cb57ee17b43e6a1ca722', 0, 1),
(236, 'ALEXANDRE BUENO FERREIRA', '137.207.816-90', 'alexandreccaa@hotmail.com', '(35) 9 8835-2056', '', 'c141af4df7b012c3d56fab8ed04f933b', 0, 1),
(237, 'LEANDRO HUNGARO', '109.393.446-88', 'lehungaro@outlook.com', '(35) 9 8462-4971', '', '09e614a74a011c35f145beb88f32f5f0', 0, 2),
(238, 'ALINE LEAL CIUFFI', '140.323.166-43', 'alinelealciuffi@gmail.com', '(35) 9 9870-0792', '(35) 9870-0792', 'b9521713bd3e9cc338661d2d0c570768', 0, 2),
(239, 'MARINA MACEDO', '147.274.616-33', 'ninamacedo1711@gmail.com', '(35) 9 8898-2885', '(35) 3267-2464', '75f0268b7e01e62576f69b5ba86fe353', 0, 1),
(240, 'NADDERSON OTÁVIO FERNANDES', '140.987.056-13', 'nadderson2002.f@hotmail.com', '(35) 9 8821-9787', '', '1f7375312b3a4fcec55056811549a3d1', 0, 1),
(241, 'FILEMON BORGES DO NASCIMENTO', '118.739.956-60', 'filemonborgesn@gmail.com', '(35) 9 9920-3724', '', '4f7e1bc6a84d456746c869b537a78e92', 0, 2),
(242, 'PEDRO HENRIQUE DE SOUZA', '155.416.686-11', 'phsouza1517@gmail.com', '(35) 9 8721-6033', '(35) 9872-1603', '1ca918f9eda86850db0980ecd806690a', 0, 1),
(243, 'CRISTINA CARVALHO DE ALMEIDA', '036.704.196-08', 'cristina.almeida@ifsuldeminas.edu.br', '(35) 9 8811-8258', '', 'dfca2425a3fb0d2807fa58c7b92880d7', 0, 3),
(244, 'LETICIA SEPINI BATISTA', '954.486.676-00', 'leticia.sepini@ifsuldeminas.edu.br', '(35) 9 9193-2653', '', 'ff701cb727157b323688a9ab4ab8e447', 0, 3),
(245, 'AMANDA SILVA PADILHA', '133.473.846-79', 'amandasp1325@hotmail.com', '(35) 9 9734-2953', '(35) 3295-5148', 'a1001c418f09091a40e8ad2fa54ec5a9', 0, 1),
(246, 'ANDRE DELLY VEIGA', '043.760.686-40', 'andre.veiga@ifsuldeminas.edu.br', '(35) 9 9891-6538', '(35) 3295-2342', 'b35758d93e488cb8ba2800b28ed4bf4a', 0, 3),
(247, 'PEDRO SIQUEIRA JUNQUEIRA', '106.623.056-04', 'pedro-junqueira@outlook.com', '(35) 9 8883-1890', '(35) 3295-1954', '6bec28daf5fd1fe38c1981d455730652', 0, 2),
(248, 'LUIZ HENRIQUE DE OLIVEIRA SOARES', '119.787.646-42', 'lhindio@hotmail.com', '(35) 9 9145-2036', '', 'f602ca3bac6edaa19700fa5d0f3bdbc8', 0, 2),
(249, 'CASSIANO CRISPIM  DE SOUZA BORBA', '112.934.716-82', 'cassianocrispimdesouzaborba@hotmail.com', '(35) 9 9891-7255', '(35) 9989-1725', '3f948d006102088f85bfbfc1e82e42e3', 0, 2),
(250, 'BEATRIZ DE FATIMA PEREIRA', '036.238.701-02', 'beatrizf.pereira@hotmail.com', '(35) 9 9834-9946', '', 'a7930c2e799d8359f478cfc516798a73', 0, 2),
(251, 'ANA CRISTINA CHAVES SILVEIRA', '948.032.266-87', 'anacristinasilveira1@outlook.com', '(35) 9 8863-5273', '', '55618d24b8e5abd3a111c63e4a8d56bb', 0, 4),
(252, 'TATIANA DE OLIVEIRA RAMOS', '054.787.466-90', 'tatiana.ramos@ifsuldeminas.edu.br', '(35) 9 9874-6520', '', '8b8c1ca84e61ae9d56a9c7328de56c2a', 0, 2),
(253, 'VERA LÚCIA ARAÚJO LEITE', '874.686.116-53', 'vera.leite@ifsuldeminas.edu.br', '(35) 9 9110-8159', '(35) 3295-5183', 'c0d32001d61e63fbba55073159ccaf44', 0, 3),
(254, 'LUIZ EDUARDO MORAES RABELO', '159-380-526-88', 'luizeduardomoraesrabelo@gmail.com', '8853310299231648', '00000000000000', 'e758ae7ad5e88b34dc9deb8945f79fe7', 0, 1),
(255, 'LARA MELO DE FREITAS DOS SANTOS', '408.048.558-11', 'laram252505@gmail.com', '(35) 9 9958-9854', '', '81a3885d60b40b4dfe2de9d1616abdf9', 0, 1),
(256, 'ANA CLARA PEREIRA BARRETO', '127.397.676-25', 'acbarreto2303@gmail.com', '(35) 9 9252-9612', '', '1084a3edba56e7dacbe605f9e3aae4a6', 0, 1),
(257, 'ANGÉLICA REGINA PAES LEAL', '136.360.686-79', 'angelicapaes.gd@hotmail.com', '(35) 9 9934-3593', '', '8147e6b622edf6236a6678d1f0ec4086', 0, 2),
(258, 'FABRÍCIO ANACLETO FERREIRA', '159.620.136-38', 'fanacleto23@gmail.com', '(35) 9 9138-3403', '', '82a4736d1b281671388cebcc89e6c2f6', 0, 1),
(259, 'GIOVANI GABRIEL ADÃO SANTOS', '156.604.886-92', 'giovani.gs@hotmail.com', '(35) 9 9855-5927', '', '7e1838cd417e5d08b2f553de2e00cacb', 0, 1),
(260, 'DANIEL SERAFINI ALVES', '127.846.376-38', 'dsa_daniel@outlook.com', '(35) 9 8858-1311', '(35) 3295-4723', '55aa66ccde793dfbfc117fe633e5f321', 0, 4),
(261, 'TESTE', '802.651.690-70', 'teste@gmail.com', '(35) 9 9977-6316', '', 'e10adc3949ba59abbe56e057f20f883e', 0, 2),
(262, 'ALEXANDRE DA FONSECA', '499.719.806-49', 'alexandre.fonseca@ifsuldeminas.edu.br', '(35) 9 9737-6861', '', 'f19e2b636b5c53d6fdba05226ab0cf95', 0, 3),
(263, 'ARIANE BORGES DE FIGUEIREDO', '061.680.846-14', 'ariane.borges@ifsuldeminas.edu.br', '(35) 9 9911-0157', '', 'fb5f2f27be2de104ac2b192f3e874dda', 0, 3),
(264, 'GIOVANA', '119.090.116-14', 'signorettigiovana8@gmail.com', '(35) 9 9925-3845', '', 'f48ebc05784cc7f7eab6bedc01b2e8dc', 0, 1),
(265, 'GUILHERME DE LIMA SOUZA DIAS', '129.762.396-73', 'guidias475@gmail.com', '(35) 9 9744-2277', '(35) 3295-1909', 'ec7d09a78a947b1757f3e6f3adf8a604', 0, 1),
(266, 'VINICIUS CHAGAS ABRÃO', '102.041.626-29', 'vinicius.chagas@centertelmais.com.br', '(35) 9 9865-3733', '', '37d3dc16ede360ddd5ad6985183311ed', 0, 4),
(267, 'VILSON DOS SANTOS JUNIOR', '090.754.146-17', 'vls-jr@hotmail.com', '(35) 9 8879-4285', '', '7aae85cdce6a2248fe4f39dcb8541a22', 0, 4),
(269, 'LÍDIA M SILVA', '114.989.306-03', 'lidiamariasilvaa@gmail.com', '(35) 9 9850-3758', '', 'eb97322dacf5f3388e240b587a11d583', 0, 2),
(270, 'DIONATAN SANTOS COELHO', '118.208.566-07', 'dionatanclh@gmail.com', '(35) 9 9847-6118', '', 'de6f69ca95a2d48d28d444f6f5f1a609', 0, 2),
(271, 'ANDREW ALBERTO DE ALMEIDA PEREIRA', '059.536.566-37', 'andreweua@gmail.com', '(35) 9 9719-8669', '', '25d55ad283aa400af464c76d713c07ad', 0, 2),
(272, 'MÔNICA CAROLINE SILVA SEVERIANO', '145.090.786-50', 'monicabjj1018@gmail.com', '(35) 9 9716-7009', '', 'fc2657d935bd57be5ce37c4f346300a0', 0, 2),
(273, 'VINICIUS MARQUES SAMPAIO', '071.725.313-96', 'vinicius.marquesxx@gmail.com', '(35) 9 9721-7979', '', '2578d734ff3c868c2ad68fa698d76730', 0, 2),
(274, 'FÁBIO PAIVA MACHADO DE CAMPOS', '490.015.958-12', 'paiva.fabio454@gmail.com', '(19) 9 9439-2626', '(19) 3326-6424', 'db6c0d2862b0050068df8ff3200c0e3b', 0, 2),
(275, 'GEVERALDO MACIEL', '575.035.596-91', 'geveraldo.maciel@ifsuldeminas.edu.br', '(35) 9 9967-0917', '', '563be91299445c690541313e194fe78c', 0, 3),
(276, 'HAGAR CERIANE COSTA CORSINI MACIEL', '880.335.466-20', 'hagar.maciel@ifsuldeminas.edu.br', '(35) 9 9986-6070', '', '969cd442f69e50274efa7ab76824a40e', 0, 3),
(277, 'JUAN PABLO FARIAS', '142.845.416-09', 'juanpablo.p.a.f@gmail.com', '(35) 9 8800-6440', '', '25ef8924973420229be604d76afcbd9b', 0, 2),
(278, 'WELLINGTON MAROTA BARBOSA', '983.649.796-04', 'wmbarbosa@hotmail.com', '(35) 9 8837-8804', '', '612e08360a7f7416a2310c41a339c426', 0, 3),
(279, 'BEATRIZ FAGUNDES DE CARVALHO', '389.668.588-05', 'biaf2218@gmail.com', '(35) 9 9719-8648', '(19) 3385-9139', 'cb149aa15737298a405636f0acace1de', 0, 2),
(280, 'JENNIFER DE LIMA VENANCIO', '139.746.746-08', 'jennidelivee@gmail.com', '(35) 9 9950-3157', '', 'ea62e6ed4ee6ede60f3adc0ba524b533', 0, 4),
(281, 'MARIA RAQUEL GONÇALVES DELLA TORRE', '466.665.068-71', 'raqueldellatorre@hotmail.com', '(35) 9 8810-6292', '', '5c345cad666464b2056d1c8fe693382b', 0, 2),
(282, 'GIUVANY RIBEIRO', '028.182.786-94', 'giuvany@yahoo.com.br', '(35) 9 8831-1715', '', 'fc569e6c353e0c1fe8035457506fd553', 0, 4),
(283, 'LAILA MARIA GONÇALVES', '147.532.646-70', 'expeditofernando111@gmail.com', '(35) 9 8708-8164', '', 'f30618ed64655812746272636a992b95', 0, 1),
(284, 'JULIANA MARIA', '487.989.086-34', 'luisznt@bol.com.br', '(35) 9 9891-0050', '(35) 3265-0344', '49339465c068fb48e796b4e68bdd35d5', 0, 1),
(285, 'THAUANY FELIX DOS SANTOS', '160.400.046-57', 'thauanyfelix2001@gmail.com', '(35) 9 8851-7654', '', 'a43511a96083ec03e909717ec0d83e77', 0, 4),
(286, 'CAETANO HENRIQUE MUNIZ LOIOLA', '159.263.476-10', 'caetano.loiola002@gmail.com', '(55) 9 9870-3861', '', 'bfe411640e1658aa2872418d0ee525de', 0, 1),
(287, 'NICOLAS SOBRAL CRUZ', '065.977.866-10', 'nicsobralcb16n@gmail.com', '(35) 9 9975-7743', '', '2d5eff85ec0e82d34d7cc702b403d151', 0, 1),
(288, 'ADRIELLY MATTANA DANTAS', '100.658.669-59', 'adriedantas07@gmail.com', '(35) 9 9834-0817', '', '9c63f5e4892289a3e85147dede4dcb75', 0, 1),
(289, 'PEDRO ENZO DA COSTA MOURA', '103.097.906-54', 'pedrenzopjl@outlook.com', '', '', 'bd799fd039968d718d8380fe5428652a', 0, 1),
(290, 'CAROLINE FERREIRA CUNHA SANTOS', '013.595.596-39', 'caroline.santos@ifsuldeminas.edu.br', '(35) 9 8867-5686', '', '6f777e8bc2f23fe94109a54cc541922d', 0, 3),
(291, 'MARCELLA SILVA DE MORAES', '156.564.076-40', 'marcellasilva987@gmail.com', '(35) 9 9948-1396', '', '78cca30180e3c95873e0f694b20d95f1', 0, 1),
(292, 'ALINE CRISTINA PEREIRA', '097.468.486-40', 'alineccpp@gmail.com', '(35) 9 9748-1475', '', 'b9c6bc611197003d6a6503db7478bbd6', 0, 2),
(293, 'KAWAN VENERANDO SANTOS', '143.089.146-71', 'randowextreme21@gmail.com', '(35) 9 9816-0173', '', '20b5fb339ece9d3f22c3efe6ce46ddb2', 0, 1),
(294, 'MARINA RODRIGUES', '146.950.986-52', 'marinarodriguess666@gmail.com', '(35) 9 9847-5144', '', '4bf541f9d353914327dd963461e8677c', 0, 1),
(295, 'GUSTAVO VIANA BASTOS', '123.885.786-80', 'gustavoviana910@gmail.com', '(35) 9 9734-1354', '', '08ac5198a9c21f75bd249b192a8c25a4', 0, 2),
(296, 'IAGO CRISPIM MACIEL', '146.624.836-03', 'iagomaciel007@gmail.com', '(35) 9 9711-0262', '', '8bb69d38b013c308051bb866d5e6d812', 0, 2),
(297, 'BRENDO', '128.778.806-80', 'brenindossantos09@gmail.com', '(03) 5 9992-5798', '', '873673ddf3d29bf950ca8d19b03a0b8c', 0, 2),
(298, 'JOSÉ MÁRCIO DE PAIVA', '078.179.456-08', 'jose22mp@yahoo.com', '(35) 9 9890-4535', '', '403f4f50dd7e5e9d4256b5b6d583722b', 0, 2),
(299, 'GUSTAVO GARCIA REZENDE', '127.518.216-00', 'gustavogarciarezende512@gmail.com', '(35) 9 9990-7287', '(35) 3291-6752', 'cc565a5da009dbe5bd48b15938b62171', 0, 1),
(300, 'IAN VENERANDO CARDOSO', '116.679.776-79', 'ianvenerando@gmail.com', '(35) 9 9876-8467', '', 'b40cc4faefd89dfefc5338537236fc08', 0, 2),
(301, 'VINÍCIUS VINAGRE DIAS', '131.635.126-23', 'vinagrao123@gmail.com', '(35) 9 8804-7126', '', 'f2f02de195106d7d4274dd5050cd0e54', 0, 1),
(302, 'JHONY WUALISON DE OLIVEIRA', '106.374.726-08', 'j.wallisom@hotmail.com', '(35) 9 9825-1095', '(35) 3292-1146', 'bd5fc9fcbb3ed04ea3f0b2c39a9734ef', 0, 4);

--
-- Índices de tabelas apagadas
--

--
-- Índices de tabela `agendas`
--
ALTER TABLE `agendas`
  ADD PRIMARY KEY (`id_agenda`) USING BTREE,
  ADD KEY `fk_atividades_agenda_atividades1_idx` (`atividade_id`,`evento_id`);

--
-- Índices de tabela `areas`
--
ALTER TABLE `areas`
  ADD PRIMARY KEY (`id_area`);

--
-- Índices de tabela `atividades`
--
ALTER TABLE `atividades`
  ADD PRIMARY KEY (`id_atividade`),
  ADD KEY `fk_sub_eventos_eventos1_idx` (`evento_id`);

--
-- Índices de tabela `categorias`
--
ALTER TABLE `categorias`
  ADD PRIMARY KEY (`id_categoria`);

--
-- Índices de tabela `chamadas`
--
ALTER TABLE `chamadas`
  ADD PRIMARY KEY (`id_chamada`),
  ADD KEY `inscricao_id` (`inscricao_id`),
  ADD KEY `agenda_id` (`agenda_id`);

--
-- Índices de tabela `eventos`
--
ALTER TABLE `eventos`
  ADD PRIMARY KEY (`id_evento`),
  ADD KEY `fk_eventos_areas1_idx` (`area_id`);

--
-- Índices de tabela `inscricoes`
--
ALTER TABLE `inscricoes`
  ADD PRIMARY KEY (`id_inscricao`),
  ADD KEY `fk_incricoes_participantes1_idx` (`participante_id`),
  ADD KEY `fk_incricoes_sub_eventos1_idx` (`atividade_id`,`evento_id`),
  ADD KEY `evento_id` (`evento_id`);

--
-- Índices de tabela `participantes`
--
ALTER TABLE `participantes`
  ADD PRIMARY KEY (`id_participante`),
  ADD KEY `fk_participantes_categorias_idx` (`categoria_id`);

--
-- AUTO_INCREMENT de tabelas apagadas
--

--
-- AUTO_INCREMENT de tabela `agendas`
--
ALTER TABLE `agendas`
  MODIFY `id_agenda` int(11) NOT NULL AUTO_INCREMENT, AUTO_INCREMENT=40;

--
-- AUTO_INCREMENT de tabela `areas`
--
ALTER TABLE `areas`
  MODIFY `id_area` int(11) NOT NULL AUTO_INCREMENT, AUTO_INCREMENT=8;

--
-- AUTO_INCREMENT de tabela `atividades`
--
ALTER TABLE `atividades`
  MODIFY `id_atividade` int(11) NOT NULL AUTO_INCREMENT, AUTO_INCREMENT=39;

--
-- AUTO_INCREMENT de tabela `categorias`
--
ALTER TABLE `categorias`
  MODIFY `id_categoria` int(11) NOT NULL AUTO_INCREMENT, AUTO_INCREMENT=5;

--
-- AUTO_INCREMENT de tabela `chamadas`
--
ALTER TABLE `chamadas`
  MODIFY `id_chamada` int(11) NOT NULL AUTO_INCREMENT, AUTO_INCREMENT=600;

--
-- AUTO_INCREMENT de tabela `eventos`
--
ALTER TABLE `eventos`
  MODIFY `id_evento` int(11) NOT NULL AUTO_INCREMENT, AUTO_INCREMENT=8;

--
-- AUTO_INCREMENT de tabela `inscricoes`
--
ALTER TABLE `inscricoes`
  MODIFY `id_inscricao` int(11) NOT NULL AUTO_INCREMENT, AUTO_INCREMENT=619;

--
-- AUTO_INCREMENT de tabela `participantes`
--
ALTER TABLE `participantes`
  MODIFY `id_participante` int(11) NOT NULL AUTO_INCREMENT, AUTO_INCREMENT=303;

--
-- Restrições para dumps de tabelas
--

--
-- Restrições para tabelas `agendas`
--
ALTER TABLE `agendas`
  ADD CONSTRAINT `agendas_ibfk_1` FOREIGN KEY (`atividade_id`) REFERENCES `atividades` (`id_atividade`);

--
-- Restrições para tabelas `atividades`
--
ALTER TABLE `atividades`
  ADD CONSTRAINT `atividades_ibfk_1` FOREIGN KEY (`evento_id`) REFERENCES `eventos` (`id_evento`);

--
-- Restrições para tabelas `chamadas`
--
ALTER TABLE `chamadas`
  ADD CONSTRAINT `chamadas_ibfk_1` FOREIGN KEY (`agenda_id`) REFERENCES `agendas` (`id_agenda`),
  ADD CONSTRAINT `chamadas_ibfk_2` FOREIGN KEY (`inscricao_id`) REFERENCES `inscricoes` (`id_inscricao`);

--
-- Restrições para tabelas `eventos`
--
ALTER TABLE `eventos`
  ADD CONSTRAINT `eventos_ibfk_1` FOREIGN KEY (`area_id`) REFERENCES `areas` (`id_area`);

--
-- Restrições para tabelas `inscricoes`
--
ALTER TABLE `inscricoes`
  ADD CONSTRAINT `inscricoes_ibfk_1` FOREIGN KEY (`participante_id`) REFERENCES `participantes` (`id_participante`),
  ADD CONSTRAINT `inscricoes_ibfk_2` FOREIGN KEY (`atividade_id`) REFERENCES `atividades` (`id_atividade`);

--
-- Restrições para tabelas `participantes`
--
ALTER TABLE `participantes`
  ADD CONSTRAINT `participantes_ibfk_1` FOREIGN KEY (`categoria_id`) REFERENCES `categorias` (`id_categoria`);
COMMIT;

/*!40101 SET CHARACTER_SET_CLIENT=@OLD_CHARACTER_SET_CLIENT */;
/*!40101 SET CHARACTER_SET_RESULTS=@OLD_CHARACTER_SET_RESULTS */;
/*!40101 SET COLLATION_CONNECTION=@OLD_COLLATION_CONNECTION */;
